 0.00000000e+00 5.20156120e+01
 5.00000000e-01 4.28814449e+01
 1.00000000e+00 3.16198974e+01
 1.50000000e+00 5.44315164e+01
 2.00000000e+00 4.48800516e+01
 2.50000000e+00 4.72079279e+01
 3.00000000e+00 4.24591916e+01
 3.50000000e+00 3.75166939e+01
 4.00000000e+00 3.36517758e+01
 4.50000000e+00 2.99858803e+01
 5.00000000e+00 3.80293533e+01
 5.50000000e+00 3.59908229e+01
 6.00000000e+00 3.15596518e+01
 6.50000000e+00 2.38705448e+01
 7.00000000e+00 5.37669636e+01
 7.50000000e+00 2.57748757e+01
 8.00000000e+00 3.61804685e+01
 8.50000000e+00 4.47020600e+01
 9.00000000e+00 2.81927293e+01
 9.50000000e+00 3.19283148e+01
 1.00000000e+01 4.03071489e+01
 1.05000000e+01 3.47522074e+01
 1.10000000e+01 3.88864121e+01
 1.15000000e+01 3.86671144e+01
 1.20000000e+01 3.91525749e+01
 1.25000000e+01 4.29979404e+01
 1.30000000e+01 4.30576268e+01
 1.35000000e+01 3.27110988e+01
 1.40000000e+01 4.45999529e+01
 1.45000000e+01 2.75280902e+01
 1.50000000e+01 4.01800330e+01
 1.55000000e+01 3.51286404e+01
 1.60000000e+01 3.59189629e+01
 1.65000000e+01 3.48975656e+01
 1.70000000e+01 4.07619348e+01
 1.75000000e+01 2.36915582e+01
 1.80000000e+01 5.61295886e+01
 1.85000000e+01 4.79622383e+01
 1.90000000e+01 2.99953351e+01
 1.95000000e+01 4.54743159e+01
 2.00000000e+01 2.87580985e+01
 2.05000000e+01 4.51616350e+01
 2.10000000e+01 3.82794182e+01
 2.15000000e+01 6.12375988e+01
 2.20000000e+01 4.20978331e+01
 2.25000000e+01 3.83379846e+01
 2.30000000e+01 4.57629240e+01
 2.35000000e+01 5.19545162e+01
 2.40000000e+01 2.64161289e+01
 2.45000000e+01 3.43995616e+01
 2.50000000e+01 4.88202934e+01
 2.55000000e+01 2.65558622e+01
 2.60000000e+01 4.61854448e+01
 2.65000000e+01 2.69734439e+01
 2.70000000e+01 2.67485400e+01
 2.75000000e+01 4.63138947e+01
 2.80000000e+01 4.23153571e+01
 2.85000000e+01 2.39014863e+01
 2.90000000e+01 4.66318718e+01
 2.95000000e+01 3.97256380e+01
 3.00000000e+01 2.02018554e+01
 3.05000000e+01 4.73854016e+01
 3.10000000e+01 3.55330445e+01
 3.15000000e+01 4.52892025e+01
 3.20000000e+01 3.90508507e+01
 3.25000000e+01 2.85732496e+01
 3.30000000e+01 4.51273925e+01
 3.35000000e+01 3.56397653e+01
 3.40000000e+01 3.73262140e+01
 3.45000000e+01 3.88582817e+01
 3.50000000e+01 4.20919467e+01
 3.55000000e+01 4.11601354e+01
 3.60000000e+01 2.52389784e+01
 3.65000000e+01 2.50953222e+01
 3.70000000e+01 3.21034903e+01
 3.75000000e+01 1.87952350e+01
 3.80000000e+01 3.29783118e+01
 3.85000000e+01 2.12620289e+01
 3.90000000e+01 4.20425282e+01
 3.95000000e+01 5.21192650e+01
 4.00000000e+01 3.01498246e+01
 4.05000000e+01 2.63048361e+01
 4.10000000e+01 4.77663670e+01
 4.15000000e+01 3.78681043e+01
 4.20000000e+01 6.12248847e+01
 4.25000000e+01 3.32370895e+01
 4.30000000e+01 4.11354201e+01
 4.35000000e+01 3.31208183e+01
 4.40000000e+01 3.69165452e+01
 4.45000000e+01 2.88601530e+01
 4.50000000e+01 3.37945209e+01
 4.55000000e+01 3.43437777e+01
 4.60000000e+01 4.10349105e+01
 4.65000000e+01 4.42738403e+01
 4.70000000e+01 2.66550902e+01
 4.75000000e+01 4.25811978e+01
 4.80000000e+01 3.53438822e+01
 4.85000000e+01 3.94998260e+01
 4.90000000e+01 4.26650438e+01
 4.95000000e+01 2.01075455e+01
 5.00000000e+01 4.89971647e+01
 5.05000000e+01 4.13693863e+01
 5.10000000e+01 3.59185134e+01
 5.15000000e+01 3.77755152e+01
 5.20000000e+01 3.91242624e+01
 5.25000000e+01 5.18213189e+01
 5.30000000e+01 2.44384761e+01
 5.35000000e+01 4.22342222e+01
 5.40000000e+01 5.06701596e+01
 5.45000000e+01 4.60097636e+01
 5.50000000e+01 4.87949912e+01
 5.55000000e+01 4.21094768e+01
 5.60000000e+01 4.11292303e+01
 5.65000000e+01 2.53088702e+01
 5.70000000e+01 3.06066474e+01
 5.75000000e+01 2.50027457e+01
 5.80000000e+01 3.50484154e+01
 5.85000000e+01 3.82258606e+01
 5.90000000e+01 3.42540964e+01
 5.95000000e+01 5.07717777e+01
 6.00000000e+01 3.51693294e+01
 6.05000000e+01 5.66773436e+01
 6.10000000e+01 4.04277699e+01
 6.15000000e+01 4.48282197e+01
 6.20000000e+01 3.64607148e+01
 6.25000000e+01 5.40178826e+01
 6.30000000e+01 4.94162884e+01
 6.35000000e+01 5.02291730e+01
 6.40000000e+01 5.06947576e+01
 6.45000000e+01 2.46905089e+01
 6.50000000e+01 4.57423722e+01
 6.55000000e+01 4.62375955e+01
 6.60000000e+01 3.89934538e+01
 6.65000000e+01 3.42920135e+01
 6.70000000e+01 2.95535553e+01
 6.75000000e+01 2.67255622e+01
 6.80000000e+01 3.72326144e+01
 6.85000000e+01 3.44912130e+01
 6.90000000e+01 4.14954651e+01
 6.95000000e+01 3.08665381e+01
 7.00000000e+01 2.88014182e+01
 7.05000000e+01 3.09926561e+01
 7.10000000e+01 4.04391457e+01
 7.15000000e+01 5.18111558e+01
 7.20000000e+01 3.77167849e+01
 7.25000000e+01 3.12384096e+01
 7.30000000e+01 3.48956021e+01
 7.35000000e+01 6.18787040e+01
 7.40000000e+01 3.32679484e+01
 7.45000000e+01 5.40727281e+01
 7.50000000e+01 4.19638001e+01
 7.55000000e+01 4.62694117e+01
 7.60000000e+01 4.04937204e+01
 7.65000000e+01 3.70976185e+01
 7.70000000e+01 3.39625977e+01
 7.75000000e+01 3.94579553e+01
 7.80000000e+01 3.28059930e+01
 7.85000000e+01 2.85741984e+01
 7.90000000e+01 4.11705366e+01
 7.95000000e+01 3.40662526e+01
 8.00000000e+01 3.17802349e+01
 8.05000000e+01 4.47713323e+01
 8.10000000e+01 4.07877478e+01
 8.15000000e+01 5.03650546e+01
 8.20000000e+01 4.54841126e+01
 8.25000000e+01 4.14191188e+01
 8.30000000e+01 4.49801730e+01
 8.35000000e+01 4.76002112e+01
 8.40000000e+01 4.33164324e+01
 8.45000000e+01 4.10580401e+01
 8.50000000e+01 4.59363630e+01
 8.55000000e+01 4.16190639e+01
 8.60000000e+01 4.11545638e+01
 8.65000000e+01 3.76320902e+01
 8.70000000e+01 4.04134376e+01
 8.75000000e+01 4.31683834e+01
 8.80000000e+01 2.00850825e+01
 8.85000000e+01 2.18064450e+01
 8.90000000e+01 3.22059524e+01
 8.95000000e+01 3.61419080e+01
 9.00000000e+01 3.69170235e+01
 9.05000000e+01 4.89478198e+01
 9.10000000e+01 4.73100073e+01
 9.15000000e+01 5.48295900e+01
 9.20000000e+01 4.81452367e+01
 9.25000000e+01 5.02331550e+01
 9.30000000e+01 4.57843390e+01
 9.35000000e+01 4.38105888e+01
 9.40000000e+01 4.84751865e+01
 9.45000000e+01 4.60765998e+01
 9.50000000e+01 3.46548405e+01
 9.55000000e+01 3.66833890e+01
 9.60000000e+01 1.87217675e+01
 9.65000000e+01 3.71214136e+01
 9.70000000e+01 3.80858227e+01
 9.75000000e+01 3.59580713e+01
 9.80000000e+01 2.92674273e+01
 9.85000000e+01 4.14023942e+01
 9.90000000e+01 3.32747565e+01
 9.95000000e+01 2.69772910e+01
 1.00000000e+02 3.60693315e+01
 1.00500000e+02 4.57104684e+01
 1.01000000e+02 4.50558932e+01
 1.01500000e+02 4.73175752e+01
 1.02000000e+02 5.00705696e+01
 1.02500000e+02 5.18344844e+01
 1.03000000e+02 4.86305315e+01
 1.03500000e+02 5.12258863e+01
 1.04000000e+02 4.03197251e+01
 1.04500000e+02 4.25329728e+01
 1.05000000e+02 3.98603178e+01
 1.05500000e+02 3.95879050e+01
 1.06000000e+02 3.18619075e+01
 1.06500000e+02 3.88577785e+01
 1.07000000e+02 2.17150818e+01
 1.07500000e+02 2.72520530e+01
 1.08000000e+02 2.37903131e+01
 1.08500000e+02 3.48559434e+01
 1.09000000e+02 3.08761875e+01
 1.09500000e+02 2.81361685e+01
 1.10000000e+02 3.05531103e+01
 1.10500000e+02 4.02264443e+01
 1.11000000e+02 3.26671548e+01
 1.11500000e+02 4.25207694e+01
 1.12000000e+02 5.55977979e+01
 1.12500000e+02 5.11314466e+01
 1.13000000e+02 3.80265831e+01
 1.13500000e+02 4.04810113e+01
 1.14000000e+02 4.95408854e+01
 1.14500000e+02 5.55842872e+01
 1.15000000e+02 4.19837443e+01
 1.15500000e+02 4.95457457e+01
 1.16000000e+02 2.99494521e+01
 1.16500000e+02 3.72574328e+01
 1.17000000e+02 4.91411875e+01
 1.17500000e+02 3.80047923e+01
 1.18000000e+02 3.22480813e+01
 1.18500000e+02 3.44415807e+01
 1.19000000e+02 3.55193323e+01
 1.19500000e+02 3.46912747e+01
 1.20000000e+02 4.46694670e+01
 1.20500000e+02 4.70094399e+01
 1.21000000e+02 6.39103945e+01
 1.21500000e+02 5.02970027e+01
 1.22000000e+02 7.33886436e+01
 1.22500000e+02 4.93252614e+01
 1.23000000e+02 5.80579698e+01
 1.23500000e+02 4.83887993e+01
 1.24000000e+02 2.76338454e+01
 1.24500000e+02 3.89954736e+01
 1.25000000e+02 3.75924684e+01
 1.25500000e+02 3.16399593e+01
 1.26000000e+02 5.68698500e+01
 1.26500000e+02 1.62400212e+01
 1.27000000e+02 4.07737635e+01
 1.27500000e+02 2.70429872e+01
 1.28000000e+02 3.21334210e+01
 1.28500000e+02 3.67156932e+01
 1.29000000e+02 2.44755434e+01
 1.29500000e+02 3.11200141e+01
 1.30000000e+02 3.30954320e+01
 1.30500000e+02 3.55249462e+01
 1.31000000e+02 4.05730035e+01
 1.31500000e+02 4.09348567e+01
 1.32000000e+02 2.35074681e+01
 1.32500000e+02 4.81435702e+01
 1.33000000e+02 3.84586561e+01
 1.33500000e+02 3.97416299e+01
 1.34000000e+02 5.16332788e+01
 1.34500000e+02 5.34769717e+01
 1.35000000e+02 5.67454420e+01
 1.35500000e+02 4.54126621e+01
 1.36000000e+02 3.24422852e+01
 1.36500000e+02 2.81082508e+01
 1.37000000e+02 4.78632570e+01
 1.37500000e+02 2.55349850e+01
 1.38000000e+02 3.13612055e+01
 1.38500000e+02 2.88272059e+01
 1.39000000e+02 2.72536060e+01
 1.39500000e+02 4.10581700e+01
 1.40000000e+02 3.01936744e+01
 1.40500000e+02 5.27610972e+01
 1.41000000e+02 4.78091912e+01
 1.41500000e+02 4.32823320e+01
 1.42000000e+02 3.44323765e+01
 1.42500000e+02 5.43169211e+01
 1.43000000e+02 5.23593008e+01
 1.43500000e+02 5.15999239e+01
 1.44000000e+02 4.76894583e+01
 1.44500000e+02 4.00045612e+01
 1.45000000e+02 5.31990055e+01
 1.45500000e+02 4.24806739e+01
 1.46000000e+02 2.92311686e+01
 1.46500000e+02 4.44403110e+01
 1.47000000e+02 4.36903414e+01
 1.47500000e+02 3.48172891e+01
 1.48000000e+02 3.96655923e+01
 1.48500000e+02 4.09018432e+01
 1.49000000e+02 3.07031736e+01
 1.49500000e+02 2.91399909e+01
 1.50000000e+02 4.40648594e+01
 1.50500000e+02 4.89431680e+01
 1.51000000e+02 3.29074193e+01
 1.51500000e+02 6.45786198e+01
 1.52000000e+02 5.57421290e+01
 1.52500000e+02 3.26572542e+01
 1.53000000e+02 4.09652885e+01
 1.53500000e+02 5.35583547e+01
 1.54000000e+02 4.37609678e+01
 1.54500000e+02 5.08460110e+01
 1.55000000e+02 3.97474126e+01
 1.55500000e+02 2.37504077e+01
 1.56000000e+02 4.42351963e+01
 1.56500000e+02 4.89388492e+01
 1.57000000e+02 3.74154559e+01
 1.57500000e+02 3.16667153e+01
 1.58000000e+02 5.19987318e+01
 1.58500000e+02 3.69480712e+01
 1.59000000e+02 5.10925152e+01
 1.59500000e+02 3.44981340e+01
 1.60000000e+02 5.21134604e+01
 1.60500000e+02 5.85384072e+01
 1.61000000e+02 5.54414762e+01
 1.61500000e+02 3.83198285e+01
 1.62000000e+02 4.92021541e+01
 1.62500000e+02 4.01924672e+01
 1.63000000e+02 4.82559929e+01
 1.63500000e+02 3.80672772e+01
 1.64000000e+02 3.44810888e+01
 1.64500000e+02 4.10683316e+01
 1.65000000e+02 3.87256853e+01
 1.65500000e+02 3.26963547e+01
 1.66000000e+02 3.73965067e+01
 1.66500000e+02 3.30095971e+01
 1.67000000e+02 3.46934885e+01
 1.67500000e+02 4.43033158e+01
 1.68000000e+02 4.28751017e+01
 1.68500000e+02 1.38511524e+01
 1.69000000e+02 5.49886205e+01
 1.69500000e+02 3.97906011e+01
 1.70000000e+02 4.89455506e+01
 1.70500000e+02 4.47374136e+01
 1.71000000e+02 5.02049177e+01
 1.71500000e+02 4.24490137e+01
 1.72000000e+02 4.39085690e+01
 1.72500000e+02 5.58499733e+01
 1.73000000e+02 5.07722882e+01
 1.73500000e+02 5.09246152e+01
 1.74000000e+02 4.78868356e+01
 1.74500000e+02 5.04601423e+01
 1.75000000e+02 4.55877191e+01
 1.75500000e+02 2.56493027e+01
 1.76000000e+02 2.94032503e+01
 1.76500000e+02 4.00924856e+01
 1.77000000e+02 4.16870501e+01
 1.77500000e+02 4.06105795e+01
 1.78000000e+02 2.13345202e+01
 1.78500000e+02 4.90795048e+01
 1.79000000e+02 4.51779539e+01
 1.79500000e+02 3.19208747e+01
 1.80000000e+02 5.50011157e+01
 1.80500000e+02 4.28128820e+01
 1.81000000e+02 4.75458884e+01
 1.81500000e+02 6.30166566e+01
 1.82000000e+02 4.30423230e+01
 1.82500000e+02 2.92000957e+01
 1.83000000e+02 5.63948497e+01
 1.83500000e+02 3.78769555e+01
 1.84000000e+02 3.02765825e+01
 1.84500000e+02 3.27740222e+01
 1.85000000e+02 3.74274085e+01
 1.85500000e+02 5.14657815e+01
 1.86000000e+02 2.63093077e+01
 1.86500000e+02 3.28584710e+01
 1.87000000e+02 3.49297643e+01
 1.87500000e+02 4.11467670e+01
 1.88000000e+02 3.35606945e+01
 1.88500000e+02 3.59040401e+01
 1.89000000e+02 2.62125988e+01
 1.89500000e+02 4.09207001e+01
 1.90000000e+02 4.71139021e+01
 1.90500000e+02 4.48723561e+01
 1.91000000e+02 5.48394510e+01
 1.91500000e+02 5.33037295e+01
 1.92000000e+02 4.21298479e+01
 1.92500000e+02 4.75040352e+01
 1.93000000e+02 4.26418537e+01
 1.93500000e+02 4.63891196e+01
 1.94000000e+02 4.99429832e+01
 1.94500000e+02 3.43135457e+01
 1.95000000e+02 4.00408064e+01
 1.95500000e+02 5.17602437e+01
 1.96000000e+02 3.70939702e+01
 1.96500000e+02 3.62731004e+01
 1.97000000e+02 3.12945196e+01
 1.97500000e+02 2.81150466e+01
 1.98000000e+02 3.84985471e+01
 1.98500000e+02 4.76603133e+01
 1.99000000e+02 2.66296491e+01
 1.99500000e+02 3.89362878e+01
 2.00000000e+02 4.45310362e+01
 2.00500000e+02 4.03811229e+01
 2.01000000e+02 4.27136097e+01
 2.01500000e+02 3.69208221e+01
 2.02000000e+02 3.95874881e+01
 2.02500000e+02 5.04927756e+01
 2.03000000e+02 3.23940386e+01
 2.03500000e+02 4.38558056e+01
 2.04000000e+02 5.28243677e+01
 2.04500000e+02 3.52789966e+01
 2.05000000e+02 4.37037266e+01
 2.05500000e+02 4.51583177e+01
 2.06000000e+02 2.73170760e+01
 2.06500000e+02 3.49687856e+01
 2.07000000e+02 2.54910065e+01
 2.07500000e+02 4.78404913e+01
 2.08000000e+02 3.50820383e+01
 2.08500000e+02 3.92986675e+01
 2.09000000e+02 2.74805014e+01
 2.09500000e+02 4.86379692e+01
 2.10000000e+02 3.16954554e+01
 2.10500000e+02 4.77711899e+01
 2.11000000e+02 5.28194172e+01
 2.11500000e+02 6.68096633e+01
 2.12000000e+02 4.56204659e+01
 2.12500000e+02 4.21150479e+01
 2.13000000e+02 4.38943356e+01
 2.13500000e+02 4.58748594e+01
 2.14000000e+02 5.14221920e+01
 2.14500000e+02 4.66616105e+01
 2.15000000e+02 4.31804557e+01
 2.15500000e+02 4.38101171e+01
 2.16000000e+02 2.31770245e+01
 2.16500000e+02 4.96864038e+01
 2.17000000e+02 3.44436330e+01
 2.17500000e+02 3.94115244e+01
 2.18000000e+02 4.12692536e+01
 2.18500000e+02 2.27236847e+01
 2.19000000e+02 3.39805215e+01
 2.19500000e+02 3.56043906e+01
 2.20000000e+02 3.80149141e+01
 2.20500000e+02 3.08517976e+01
 2.21000000e+02 4.14820880e+01
 2.21500000e+02 4.81054983e+01
 2.22000000e+02 5.14854171e+01
 2.22500000e+02 5.30300087e+01
 2.23000000e+02 3.11938300e+01
 2.23500000e+02 3.77446236e+01
 2.24000000e+02 4.51998944e+01
 2.24500000e+02 5.22586000e+01
 2.25000000e+02 5.26978681e+01
 2.25500000e+02 3.49901101e+01
 2.26000000e+02 4.28822718e+01
 2.26500000e+02 4.04298117e+01
 2.27000000e+02 3.54655152e+01
 2.27500000e+02 3.60682322e+01
 2.28000000e+02 2.22345318e+01
 2.28500000e+02 3.41864816e+01
 2.29000000e+02 4.63568573e+01
 2.29500000e+02 4.00168863e+01
 2.30000000e+02 4.57805175e+01
 2.30500000e+02 3.53282538e+01
 2.31000000e+02 4.47309595e+01
 2.31500000e+02 2.16826157e+01
 2.32000000e+02 2.54772292e+01
 2.32500000e+02 2.97887188e+01
 2.33000000e+02 6.20028307e+01
 2.33500000e+02 5.95535098e+01
 2.34000000e+02 5.26143841e+01
 2.34500000e+02 3.25745078e+01
 2.35000000e+02 5.25463104e+01
 2.35500000e+02 3.63967347e+01
 2.36000000e+02 3.99108629e+01
 2.36500000e+02 4.33839133e+01
 2.37000000e+02 3.54222292e+01
 2.37500000e+02 4.00805945e+01
 2.38000000e+02 3.48505898e+01
 2.38500000e+02 5.72750239e+01
 2.39000000e+02 3.59907272e+01
 2.39500000e+02 3.53607589e+01
 2.40000000e+02 3.53036110e+01
 2.40500000e+02 4.85110094e+01
 2.41000000e+02 3.56221002e+01
 2.41500000e+02 4.37086794e+01
 2.42000000e+02 4.56683308e+01
 2.42500000e+02 3.32838845e+01
 2.43000000e+02 3.96862980e+01
 2.43500000e+02 4.56939233e+01
 2.44000000e+02 3.46890416e+01
 2.44500000e+02 4.48715907e+01
 2.45000000e+02 4.92584831e+01
 2.45500000e+02 3.24874442e+01
 2.46000000e+02 2.82158695e+01
 2.46500000e+02 3.34601884e+01
 2.47000000e+02 2.54232842e+01
 2.47500000e+02 3.76691932e+01
 2.48000000e+02 4.35923483e+01
 2.48500000e+02 4.32430562e+01
 2.49000000e+02 3.40644450e+01
 2.49500000e+02 3.57675394e+01
 2.50000000e+02 5.11270722e+01
 2.50500000e+02 3.03534073e+01
 2.51000000e+02 3.48454881e+01
 2.51500000e+02 4.46495227e+01
 2.52000000e+02 3.76758436e+01
 2.52500000e+02 3.84680891e+01
 2.53000000e+02 4.41267109e+01
 2.53500000e+02 4.37074128e+01
 2.54000000e+02 4.84454179e+01
 2.54500000e+02 4.52468002e+01
 2.55000000e+02 3.31097237e+01
 2.55500000e+02 5.43823878e+01
 2.56000000e+02 1.62811754e+01
 2.56500000e+02 3.02775693e+01
 2.57000000e+02 4.35633609e+01
 2.57500000e+02 3.16769243e+01
 2.58000000e+02 3.52338301e+01
 2.58500000e+02 1.78461351e+01
 2.59000000e+02 4.59722959e+01
 2.59500000e+02 3.64612943e+01
 2.60000000e+02 4.16179390e+01
 2.60500000e+02 3.39850179e+01
 2.61000000e+02 5.26051173e+01
 2.61500000e+02 4.49115478e+01
 2.62000000e+02 6.05298909e+01
 2.62500000e+02 4.83181603e+01
 2.63000000e+02 4.68312858e+01
 2.63500000e+02 4.31134537e+01
 2.64000000e+02 4.63117681e+01
 2.64500000e+02 5.57208837e+01
 2.65000000e+02 2.91508095e+01
 2.65500000e+02 4.44274716e+01
 2.66000000e+02 2.74967999e+01
 2.66500000e+02 4.88470232e+01
 2.67000000e+02 3.64912598e+01
 2.67500000e+02 4.18143288e+01
 2.68000000e+02 3.60261532e+01
 2.68500000e+02 4.14184840e+01
 2.69000000e+02 3.79038721e+01
 2.69500000e+02 3.05511187e+01
 2.70000000e+02 4.01967333e+01
 2.70500000e+02 4.08986451e+01
 2.71000000e+02 5.05291198e+01
 2.71500000e+02 3.47183699e+01
 2.72000000e+02 3.86524599e+01
 2.72500000e+02 4.97619321e+01
 2.73000000e+02 3.59988761e+01
 2.73500000e+02 3.09883839e+01
 2.74000000e+02 6.13925901e+01
 2.74500000e+02 2.54641578e+01
 2.75000000e+02 3.87349425e+01
 2.75500000e+02 2.86900235e+01
 2.76000000e+02 5.09384485e+01
 2.76500000e+02 1.88411858e+01
 2.77000000e+02 4.46595052e+01
 2.77500000e+02 2.63509446e+01
 2.78000000e+02 4.11421252e+01
 2.78500000e+02 2.91522731e+01
 2.79000000e+02 3.48920004e+01
 2.79500000e+02 4.02242677e+01
 2.80000000e+02 3.85700896e+01
 2.80500000e+02 4.27327359e+01
 2.81000000e+02 3.51834022e+01
 2.81500000e+02 5.38736143e+01
 2.82000000e+02 7.28922814e+01
 2.82500000e+02 4.81397583e+01
 2.83000000e+02 4.34919593e+01
 2.83500000e+02 4.88552007e+01
 2.84000000e+02 4.51641708e+01
 2.84500000e+02 5.00415267e+01
 2.85000000e+02 4.06717775e+01
 2.85500000e+02 4.12313147e+01
 2.86000000e+02 3.29665760e+01
 2.86500000e+02 2.95156444e+01
 2.87000000e+02 3.48648449e+01
 2.87500000e+02 3.85062481e+01
 2.88000000e+02 3.25349810e+01
 2.88500000e+02 3.96163678e+01
 2.89000000e+02 4.68458436e+01
 2.89500000e+02 4.96970000e+01
 2.90000000e+02 4.32732879e+01
 2.90500000e+02 4.04518558e+01
 2.91000000e+02 4.98036281e+01
 2.91500000e+02 3.71788987e+01
 2.92000000e+02 4.09171977e+01
 2.92500000e+02 5.38248051e+01
 2.93000000e+02 4.20929723e+01
 2.93500000e+02 3.45786601e+01
 2.94000000e+02 4.39266714e+01
 2.94500000e+02 4.97889477e+01
 2.95000000e+02 2.87078820e+01
 2.95500000e+02 4.04504270e+01
 2.96000000e+02 4.50785552e+01
 2.96500000e+02 3.80066613e+01
 2.97000000e+02 3.02208271e+01
 2.97500000e+02 2.96475043e+01
 2.98000000e+02 3.03871542e+01
 2.98500000e+02 4.24355873e+01
 2.99000000e+02 2.69648780e+01
 2.99500000e+02 3.56797239e+01
 3.00000000e+02 5.45101414e+01
 3.00500000e+02 4.91180787e+01
 3.01000000e+02 3.25678141e+01
 3.01500000e+02 4.46162411e+01
 3.02000000e+02 3.73639800e+01
 3.02500000e+02 6.47687774e+01
 3.03000000e+02 5.27063542e+01
 3.03500000e+02 3.66471289e+01
 3.04000000e+02 3.52451721e+01
 3.04500000e+02 4.61363954e+01
 3.05000000e+02 5.24139670e+01
 3.05500000e+02 3.70234024e+01
 3.06000000e+02 3.92309369e+01
 3.06500000e+02 3.54547401e+01
 3.07000000e+02 2.60451022e+01
 3.07500000e+02 5.20634928e+01
 3.08000000e+02 4.30235600e+01
 3.08500000e+02 4.17439016e+01
 3.09000000e+02 3.49367441e+01
 3.09500000e+02 2.29886106e+01
 3.10000000e+02 4.54956749e+01
 3.10500000e+02 4.18953178e+01
 3.11000000e+02 4.01806107e+01
 3.11500000e+02 4.95844805e+01
 3.12000000e+02 5.44259983e+01
 3.12500000e+02 3.98874409e+01
 3.13000000e+02 5.05742017e+01
 3.13500000e+02 4.33071847e+01
 3.14000000e+02 4.05639593e+01
 3.14500000e+02 3.86546111e+01
 3.15000000e+02 4.75610700e+01
 3.15500000e+02 5.06187953e+01
 3.16000000e+02 2.86675095e+01
 3.16500000e+02 3.20368450e+01
 3.17000000e+02 3.23006214e+01
 3.17500000e+02 3.68262673e+01
 3.18000000e+02 3.88092896e+01
 3.18500000e+02 4.99046447e+01
 3.19000000e+02 3.00175003e+01
 3.19500000e+02 4.46562502e+01
 3.20000000e+02 5.07156892e+01
 3.20500000e+02 3.29747746e+01
 3.21000000e+02 3.80160672e+01
 3.21500000e+02 3.78405990e+01
 3.22000000e+02 4.69829742e+01
 3.22500000e+02 4.35477922e+01
 3.23000000e+02 4.74865538e+01
 3.23500000e+02 4.06460942e+01
 3.24000000e+02 3.17794966e+01
 3.24500000e+02 2.74882604e+01
 3.25000000e+02 3.42552294e+01
 3.25500000e+02 2.54519215e+01
 3.26000000e+02 3.83437266e+01
 3.26500000e+02 2.99089604e+01
 3.27000000e+02 3.38922487e+01
 3.27500000e+02 2.07641406e+01
 3.28000000e+02 3.23640737e+01
 3.28500000e+02 3.60519138e+01
 3.29000000e+02 2.88384882e+01
 3.29500000e+02 4.50116379e+01
 3.30000000e+02 3.96839932e+01
 3.30500000e+02 3.89107192e+01
 3.31000000e+02 3.75364570e+01
 3.31500000e+02 4.85828201e+01
 3.32000000e+02 4.81238103e+01
 3.32500000e+02 3.65795758e+01
 3.33000000e+02 4.62534709e+01
 3.33500000e+02 5.79435631e+01
 3.34000000e+02 3.74700420e+01
 3.34500000e+02 3.25215477e+01
 3.35000000e+02 4.03780846e+01
 3.35500000e+02 3.17572688e+01
 3.36000000e+02 2.33509765e+01
 3.36500000e+02 3.17336620e+01
 3.37000000e+02 4.66176980e+01
 3.37500000e+02 3.76992528e+01
 3.38000000e+02 2.78869292e+01
 3.38500000e+02 3.88895534e+01
 3.39000000e+02 3.93278675e+01
 3.39500000e+02 2.14689906e+01
 3.40000000e+02 3.59740744e+01
 3.40500000e+02 4.07543222e+01
 3.41000000e+02 4.76912804e+01
 3.41500000e+02 4.29750982e+01
 3.42000000e+02 4.63508438e+01
 3.42500000e+02 4.60120041e+01
 3.43000000e+02 4.26823921e+01
 3.43500000e+02 2.90618918e+01
 3.44000000e+02 3.04185802e+01
 3.44500000e+02 3.94854209e+01
 3.45000000e+02 4.11829482e+01
 3.45500000e+02 4.67423564e+01
 3.46000000e+02 3.70024362e+01
 3.46500000e+02 3.83102217e+01
 3.47000000e+02 3.12266758e+01
 3.47500000e+02 3.47360343e+01
 3.48000000e+02 4.48244044e+01
 3.48500000e+02 2.56151682e+01
 3.49000000e+02 3.38736149e+01
 3.49500000e+02 3.68206150e+01
 3.50000000e+02 1.55104575e+01
 3.50500000e+02 3.54181740e+01
 3.51000000e+02 3.31219114e+01
 3.51500000e+02 3.32902144e+01
 3.52000000e+02 4.43093879e+01
 3.52500000e+02 5.68349415e+01
 3.53000000e+02 5.17513455e+01
 3.53500000e+02 5.44678738e+01
 3.54000000e+02 5.44773286e+01
 3.54500000e+02 3.67751897e+01
 3.55000000e+02 2.66926515e+01
 3.55500000e+02 4.72731261e+01
 3.56000000e+02 4.59541918e+01
 3.56500000e+02 3.45796091e+01
 3.57000000e+02 3.93876272e+01
 3.57500000e+02 3.51351789e+01
 3.58000000e+02 3.79691147e+01
 3.58500000e+02 3.97880867e+01
 3.59000000e+02 1.99208170e+01
 3.59500000e+02 2.95140152e+01
 3.60000000e+02 3.85465703e+01
 3.60500000e+02 3.99640326e+01
 3.61000000e+02 5.04854673e+01
 3.61500000e+02 4.34687126e+01
 3.62000000e+02 5.11430912e+01
 3.62500000e+02 5.06927447e+01
 3.63000000e+02 5.48726983e+01
 3.63500000e+02 4.61363192e+01
 3.64000000e+02 4.04480205e+01
 3.64500000e+02 3.11088000e+01
 3.65000000e+02 3.07667574e+01
 3.65500000e+02 4.51729760e+01
 3.66000000e+02 3.39684643e+01
 3.66500000e+02 5.18142189e+01
 3.67000000e+02 3.17166077e+01
 3.67500000e+02 4.01413469e+01
 3.68000000e+02 4.31839508e+01
 3.68500000e+02 4.49539674e+01
 3.69000000e+02 4.25980450e+01
 3.69500000e+02 2.97787270e+01
 3.70000000e+02 5.39877224e+01
 3.70500000e+02 4.60825806e+01
 3.71000000e+02 4.02748872e+01
 3.71500000e+02 3.84669394e+01
 3.72000000e+02 5.26511821e+01
 3.72500000e+02 4.10739784e+01
 3.73000000e+02 4.66166230e+01
 3.73500000e+02 3.96292752e+01
 3.74000000e+02 4.06993234e+01
 3.74500000e+02 3.89524533e+01
 3.75000000e+02 4.32800765e+01
 3.75500000e+02 3.97560394e+01
 3.76000000e+02 3.68020981e+01
 3.76500000e+02 3.40278894e+01
 3.77000000e+02 4.85763865e+01
 3.77500000e+02 3.64960154e+01
 3.78000000e+02 2.35782667e+01
 3.78500000e+02 2.63346924e+01
 3.79000000e+02 3.73583470e+01
 3.79500000e+02 3.77799962e+01
 3.80000000e+02 2.73975326e+01
 3.80500000e+02 3.17820333e+01
 3.81000000e+02 4.15106671e+01
 3.81500000e+02 3.65016534e+01
 3.82000000e+02 5.07057542e+01
 3.82500000e+02 3.67175631e+01
 3.83000000e+02 4.23331866e+01
 3.83500000e+02 4.93505487e+01
 3.84000000e+02 4.88828129e+01
 3.84500000e+02 3.94425544e+01
 3.85000000e+02 3.96460529e+01
 3.85500000e+02 4.77521417e+01
 3.86000000e+02 2.55785575e+01
 3.86500000e+02 3.18315460e+01
 3.87000000e+02 4.27326002e+01
 3.87500000e+02 3.85729094e+01
 3.88000000e+02 3.36422691e+01
 3.88500000e+02 2.64496537e+01
 3.89000000e+02 2.49427884e+01
 3.89500000e+02 4.15780225e+01
 3.90000000e+02 4.74850147e+01
 3.90500000e+02 4.43481747e+01
 3.91000000e+02 4.52248432e+01
 3.91500000e+02 3.51804269e+01
 3.92000000e+02 5.09138296e+01
 3.92500000e+02 4.29659003e+01
 3.93000000e+02 4.41480186e+01
 3.93500000e+02 3.40081090e+01
 3.94000000e+02 3.66613490e+01
 3.94500000e+02 4.41045878e+01
 3.95000000e+02 4.28981922e+01
 3.95500000e+02 4.41896896e+01
 3.96000000e+02 3.49723211e+01
 3.96500000e+02 3.39720597e+01
 3.97000000e+02 3.21426180e+01
 3.97500000e+02 4.91527097e+01
 3.98000000e+02 4.85303698e+01
 3.98500000e+02 1.76794301e+01
 3.99000000e+02 1.01438324e+01
 3.99500000e+02 3.05980056e+01
 4.00000000e+02 4.55243984e+01
 4.00500000e+02 3.96424187e+01
 4.01000000e+02 4.86144162e+01
 4.01500000e+02 3.74892522e+01
 4.02000000e+02 4.38139420e+01
 4.02500000e+02 4.67748853e+01
 4.03000000e+02 4.25547398e+01
 4.03500000e+02 3.62805984e+01
 4.04000000e+02 5.12304004e+01
 4.04500000e+02 4.69151207e+01
 4.05000000e+02 3.53712203e+01
 4.05500000e+02 3.61550623e+01
 4.06000000e+02 3.93703552e+01
 4.06500000e+02 4.46508210e+01
 4.07000000e+02 3.81581883e+01
 4.07500000e+02 4.22681620e+01
 4.08000000e+02 1.87682762e+01
 4.08500000e+02 3.76818330e+01
 4.09000000e+02 4.79094463e+01
 4.09500000e+02 4.07804198e+01
 4.10000000e+02 5.08925094e+01
 4.10500000e+02 4.07764277e+01
 4.11000000e+02 6.25954042e+01
 4.11500000e+02 4.63579953e+01
 4.12000000e+02 2.81372294e+01
 4.12500000e+02 4.55655383e+01
 4.13000000e+02 4.21151346e+01
 4.13500000e+02 3.99656120e+01
 4.14000000e+02 4.26808757e+01
 4.14500000e+02 3.46832018e+01
 4.15000000e+02 4.64286184e+01
 4.15500000e+02 4.56008436e+01
 4.16000000e+02 3.62805466e+01
 4.16500000e+02 1.46817558e+01
 4.17000000e+02 2.56695076e+01
 4.17500000e+02 4.04494351e+01
 4.18000000e+02 2.66651138e+01
 4.18500000e+02 4.43860485e+01
 4.19000000e+02 4.79875719e+01
 4.19500000e+02 2.82772840e+01
 4.20000000e+02 3.73190379e+01
 4.20500000e+02 4.03978885e+01
 4.21000000e+02 4.64503563e+01
 4.21500000e+02 4.12494575e+01
 4.22000000e+02 3.58295327e+01
 4.22500000e+02 5.40871114e+01
 4.23000000e+02 3.42052971e+01
 4.23500000e+02 4.49040778e+01
 4.24000000e+02 5.19950605e+01
 4.24500000e+02 4.64160431e+01
 4.25000000e+02 3.52192759e+01
 4.25500000e+02 3.72842756e+01
 4.26000000e+02 3.99132843e+01
 4.26500000e+02 4.47668389e+01
 4.27000000e+02 3.25578902e+01
 4.27500000e+02 2.68168619e+01
 4.28000000e+02 3.61866576e+01
 4.28500000e+02 3.27706883e+01
 4.29000000e+02 3.75492881e+01
 4.29500000e+02 3.21528300e+01
 4.30000000e+02 3.66841732e+01
 4.30500000e+02 5.00893018e+01
 4.31000000e+02 6.06766108e+01
 4.31500000e+02 4.61085878e+01
 4.32000000e+02 3.64384448e+01
 4.32500000e+02 4.53844165e+01
 4.33000000e+02 4.67012487e+01
 4.33500000e+02 4.77587822e+01
 4.34000000e+02 5.44918235e+01
 4.34500000e+02 4.08687421e+01
 4.35000000e+02 3.42946290e+01
 4.35500000e+02 3.34835423e+01
 4.36000000e+02 5.66973553e+01
 4.36500000e+02 3.33857584e+01
 4.37000000e+02 3.18036428e+01
 4.37500000e+02 2.69858688e+01
 4.38000000e+02 3.81764573e+01
 4.38500000e+02 2.34692253e+01
 4.39000000e+02 2.88280571e+01
 4.39500000e+02 3.58684805e+01
 4.40000000e+02 3.82349910e+01
 4.40500000e+02 4.77328887e+01
 4.41000000e+02 4.24645612e+01
 4.41500000e+02 4.43395963e+01
 4.42000000e+02 4.35154125e+01
 4.42500000e+02 4.65076831e+01
 4.43000000e+02 4.72785600e+01
 4.43500000e+02 3.40507609e+01
 4.44000000e+02 5.03562554e+01
 4.44500000e+02 3.84347691e+01
 4.45000000e+02 4.44314115e+01
 4.45500000e+02 4.72983806e+01
 4.46000000e+02 3.98183810e+01
 4.46500000e+02 3.51424804e+01
 4.47000000e+02 3.97297300e+01
 4.47500000e+02 2.55037518e+01
 4.48000000e+02 3.20806801e+01
 4.48500000e+02 3.70983041e+01
 4.49000000e+02 2.88656886e+01
 4.49500000e+02 3.29516440e+01
 4.50000000e+02 3.54232109e+01
 4.50500000e+02 3.68407248e+01
 4.51000000e+02 3.40747930e+01
 4.51500000e+02 5.03863164e+01
 4.52000000e+02 3.91409642e+01
 4.52500000e+02 4.01315451e+01
 4.53000000e+02 4.42608418e+01
 4.53500000e+02 4.32193864e+01
 4.54000000e+02 5.35439315e+01
 4.54500000e+02 5.13374114e+01
 4.55000000e+02 3.60211901e+01
 4.55500000e+02 2.17167643e+01
 4.56000000e+02 4.32381386e+01
 4.56500000e+02 3.78151046e+01
 4.57000000e+02 4.49486958e+01
 4.57500000e+02 2.15373893e+01
 4.58000000e+02 4.86682680e+01
 4.58500000e+02 4.03935433e+01
 4.59000000e+02 4.82325062e+01
 4.59500000e+02 4.53371964e+01
 4.60000000e+02 2.48497720e+01
 4.60500000e+02 3.96192577e+01
 4.61000000e+02 4.43132744e+01
 4.61500000e+02 5.05856841e+01
 4.62000000e+02 4.70386638e+01
 4.62500000e+02 4.18271006e+01
 4.63000000e+02 5.38639176e+01
 4.63500000e+02 4.42144284e+01
 4.64000000e+02 3.13246149e+01
 4.64500000e+02 4.88733755e+01
 4.65000000e+02 4.88684276e+01
 4.65500000e+02 3.42794323e+01
 4.66000000e+02 5.09832220e+01
 4.66500000e+02 2.73763822e+01
 4.67000000e+02 3.21620931e+01
 4.67500000e+02 3.85893064e+01
 4.68000000e+02 3.87180674e+01
 4.68500000e+02 2.70613682e+01
 4.69000000e+02 2.85639046e+01
 4.69500000e+02 5.01503142e+01
 4.70000000e+02 2.68056065e+01
 4.70500000e+02 4.28166361e+01
 4.71000000e+02 5.41242554e+01
 4.71500000e+02 5.37748931e+01
 4.72000000e+02 7.45398828e+01
 4.72500000e+02 4.46735737e+01
 4.73000000e+02 4.23274625e+01
 4.73500000e+02 4.57833179e+01
 4.74000000e+02 4.77849406e+01
 4.74500000e+02 3.86126102e+01
 4.75000000e+02 3.23234619e+01
 4.75500000e+02 4.00308894e+01
 4.76000000e+02 3.10470465e+01
 4.76500000e+02 4.57711010e+01
 4.77000000e+02 3.26905369e+01
 4.77500000e+02 2.95616069e+01
 4.78000000e+02 2.72408891e+01
 4.78500000e+02 3.39360952e+01
 4.79000000e+02 3.60521794e+01
 4.79500000e+02 3.27957875e+01
 4.80000000e+02 4.06966543e+01
 4.80500000e+02 5.50256270e+01
 4.81000000e+02 4.95845957e+01
 4.81500000e+02 5.89765048e+01
 4.82000000e+02 5.24226377e+01
 4.82500000e+02 5.16042843e+01
 4.83000000e+02 4.29654224e+01
 4.83500000e+02 4.68750268e+01
 4.84000000e+02 5.46751435e+01
 4.84500000e+02 4.78467656e+01
 4.85000000e+02 4.74483271e+01
 4.85500000e+02 3.55195843e+01
 4.86000000e+02 4.22461120e+01
 4.86500000e+02 4.08038853e+01
 4.87000000e+02 4.20597957e+01
 4.87500000e+02 5.62460710e+01
 4.88000000e+02 3.97832110e+01
 4.88500000e+02 2.21271535e+01
 4.89000000e+02 4.11253038e+01
 4.89500000e+02 3.18116495e+01
 4.90000000e+02 3.48120452e+01
 4.90500000e+02 4.30954464e+01
 4.91000000e+02 4.89724663e+01
 4.91500000e+02 3.96485951e+01
 4.92000000e+02 5.31637350e+01
 4.92500000e+02 4.79524404e+01
 4.93000000e+02 3.53439076e+01
 4.93500000e+02 5.39918628e+01
 4.94000000e+02 3.65294821e+01
 4.94500000e+02 5.02283734e+01
 4.95000000e+02 4.78763751e+01
 4.95500000e+02 2.87551437e+01
 4.96000000e+02 2.73648710e+01
 4.96500000e+02 2.53695607e+01
 4.97000000e+02 4.49552785e+01
 4.97500000e+02 4.07313473e+01
 4.98000000e+02 4.66802504e+01
 4.98500000e+02 3.98065294e+01
 4.99000000e+02 3.13765998e+01
 4.99500000e+02 5.02700640e+01
 5.00000000e+02 4.97078012e+01
 5.00500000e+02 4.38626801e+01
 5.01000000e+02 5.41417358e+01
 5.01500000e+02 6.71479918e+01
 5.02000000e+02 3.96121501e+01
 5.02500000e+02 5.80812956e+01
 5.03000000e+02 5.23624799e+01
 5.03500000e+02 3.85424138e+01
 5.04000000e+02 3.89763179e+01
 5.04500000e+02 4.87188827e+01
 5.05000000e+02 4.04338604e+01
 5.05500000e+02 4.11966008e+01
 5.06000000e+02 3.41110064e+01
 5.06500000e+02 3.23136463e+01
 5.07000000e+02 3.67945166e+01
 5.07500000e+02 4.01166074e+01
 5.08000000e+02 3.57163988e+01
 5.08500000e+02 4.14571317e+01
 5.09000000e+02 5.75548815e+01
 5.09500000e+02 4.01982686e+01
 5.10000000e+02 2.92920485e+01
 5.10500000e+02 4.55426549e+01
 5.11000000e+02 4.23469995e+01
 5.11500000e+02 5.19444539e+01
 5.12000000e+02 3.69549247e+01
 5.12500000e+02 5.41178728e+01
 5.13000000e+02 4.89865086e+01
 5.13500000e+02 5.63573343e+01
 5.14000000e+02 5.16511375e+01
 5.14500000e+02 5.38345277e+01
 5.15000000e+02 3.40050484e+01
 5.15500000e+02 3.77249389e+01
 5.16000000e+02 3.71922221e+01
 5.16500000e+02 2.93759344e+01
 5.17000000e+02 3.77334442e+01
 5.17500000e+02 3.25393531e+01
 5.18000000e+02 3.31434444e+01
 5.18500000e+02 3.26577417e+01
 5.19000000e+02 4.43201348e+01
 5.19500000e+02 4.72435668e+01
 5.20000000e+02 3.56317339e+01
 5.20500000e+02 4.94546858e+01
 5.21000000e+02 5.00793328e+01
 5.21500000e+02 4.85525676e+01
 5.22000000e+02 4.35425329e+01
 5.22500000e+02 5.25100763e+01
 5.23000000e+02 4.83542593e+01
 5.23500000e+02 2.91299175e+01
 5.24000000e+02 4.10846909e+01
 5.24500000e+02 5.34278910e+01
 5.25000000e+02 3.50333516e+01
 5.25500000e+02 3.88878766e+01
 5.26000000e+02 2.46192236e+01
 5.26500000e+02 3.42948297e+01
 5.27000000e+02 1.96578036e+01
 5.27500000e+02 3.28006930e+01
 5.28000000e+02 4.30854115e+01
 5.28500000e+02 3.52873587e+01
 5.29000000e+02 2.58595847e+01
 5.29500000e+02 3.34417083e+01
 5.30000000e+02 2.99926312e+01
 5.30500000e+02 3.43903545e+01
 5.31000000e+02 2.97276302e+01
 5.31500000e+02 4.68698380e+01
 5.32000000e+02 4.06162100e+01
 5.32500000e+02 5.25129488e+01
 5.33000000e+02 7.10881853e+01
 5.33500000e+02 4.37238564e+01
 5.34000000e+02 3.66579380e+01
 5.34500000e+02 4.10548649e+01
 5.35000000e+02 3.81391481e+01
 5.35500000e+02 4.05263100e+01
 5.36000000e+02 1.97729924e+01
 5.36500000e+02 4.68054831e+01
 5.37000000e+02 2.51946760e+01
 5.37500000e+02 3.50021404e+01
 5.38000000e+02 4.27600981e+01
 5.38500000e+02 5.41017720e+01
 5.39000000e+02 3.01163255e+01
 5.39500000e+02 4.16687426e+01
 5.40000000e+02 2.96313828e+01
 5.40500000e+02 3.30239748e+01
 5.41000000e+02 4.53553538e+01
 5.41500000e+02 5.22296424e+01
 5.42000000e+02 4.73355732e+01
 5.42500000e+02 4.54567449e+01
 5.43000000e+02 3.98300939e+01
 5.43500000e+02 3.11587942e+01
 5.44000000e+02 4.74223404e+01
 5.44500000e+02 5.77196067e+01
 5.45000000e+02 5.31466152e+01
 5.45500000e+02 4.18114472e+01
 5.46000000e+02 3.62069394e+01
 5.46500000e+02 3.13155553e+01
 5.47000000e+02 2.88746336e+01
 5.47500000e+02 2.75883698e+01
 5.48000000e+02 2.86010896e+01
 5.48500000e+02 4.02653135e+01
 5.49000000e+02 3.48034008e+01
 5.49500000e+02 6.14456757e+01
 5.50000000e+02 3.68499160e+01
 5.50500000e+02 3.48835846e+01
 5.51000000e+02 3.61008951e+01
 5.51500000e+02 3.62759352e+01
 5.52000000e+02 5.73675020e+01
 5.52500000e+02 4.48208759e+01
 5.53000000e+02 4.72084810e+01
 5.53500000e+02 3.99599078e+01
 5.54000000e+02 4.51353016e+01
 5.54500000e+02 4.37796588e+01
 5.55000000e+02 4.33205673e+01
 5.55500000e+02 4.01833028e+01
 5.56000000e+02 4.60272110e+01
 5.56500000e+02 4.00019312e+01
 5.57000000e+02 3.08668970e+01
 5.57500000e+02 3.78478041e+01
 5.58000000e+02 2.51642408e+01
 5.58500000e+02 3.45168893e+01
 5.59000000e+02 4.54131124e+01
 5.59500000e+02 4.72753551e+01
 5.60000000e+02 3.29770693e+01
 5.60500000e+02 4.18880506e+01
 5.61000000e+02 4.79102736e+01
 5.61500000e+02 5.56313777e+01
 5.62000000e+02 4.82907584e+01
 5.62500000e+02 4.51262228e+01
 5.63000000e+02 5.84287316e+01
 5.63500000e+02 3.85265610e+01
 5.64000000e+02 4.14798630e+01
 5.64500000e+02 5.25938154e+01
 5.65000000e+02 3.78586872e+01
 5.65500000e+02 4.23616158e+01
 5.66000000e+02 2.43527561e+01
 5.66500000e+02 3.51709344e+01
 5.67000000e+02 2.88128516e+01
 5.67500000e+02 4.40867577e+01
 5.68000000e+02 4.13465412e+01
 5.68500000e+02 3.76073406e+01
 5.69000000e+02 3.78284296e+01
 5.69500000e+02 4.68350507e+01
 5.70000000e+02 4.24782247e+01
 5.70500000e+02 3.56394471e+01
 5.71000000e+02 4.53997505e+01
 5.71500000e+02 5.44221615e+01
 5.72000000e+02 4.98165727e+01
 5.72500000e+02 2.84205124e+01
 5.73000000e+02 5.22024431e+01
 5.73500000e+02 4.88041382e+01
 5.74000000e+02 4.65011550e+01
 5.74500000e+02 5.00663658e+01
 5.75000000e+02 3.68711243e+01
 5.75500000e+02 2.87101956e+01
 5.76000000e+02 2.62645937e+01
 5.76500000e+02 4.67087187e+01
 5.77000000e+02 3.72650125e+01
 5.77500000e+02 3.49104309e+01
 5.78000000e+02 4.54812072e+01
 5.78500000e+02 4.52094970e+01
 5.79000000e+02 3.32435772e+01
 5.79500000e+02 3.89690190e+01
 5.80000000e+02 4.00303560e+01
 5.80500000e+02 4.19965270e+01
 5.81000000e+02 4.78603875e+01
 5.81500000e+02 5.40569920e+01
 5.82000000e+02 3.66644561e+01
 5.82500000e+02 4.39687736e+01
 5.83000000e+02 4.56758321e+01
 5.83500000e+02 5.15208127e+01
 5.84000000e+02 2.06216607e+01
 5.84500000e+02 3.87056531e+01
 5.85000000e+02 3.40717660e+01
 5.85500000e+02 4.63961037e+01
 5.86000000e+02 4.97174541e+01
 5.86500000e+02 3.55817135e+01
 5.87000000e+02 2.54140729e+01
 5.87500000e+02 4.04010788e+01
 5.88000000e+02 5.31783937e+01
 5.88500000e+02 2.61502046e+01
 5.89000000e+02 3.66839546e+01
 5.89500000e+02 4.47629682e+01
 5.90000000e+02 3.41263727e+01
 5.90500000e+02 5.32604854e+01
 5.91000000e+02 4.40858143e+01
 5.91500000e+02 6.43484826e+01
 5.92000000e+02 4.31850157e+01
 5.92500000e+02 4.73189177e+01
 5.93000000e+02 5.32865389e+01
 5.93500000e+02 4.47206464e+01
 5.94000000e+02 4.59433013e+01
 5.94500000e+02 4.19148732e+01
 5.95000000e+02 3.18317803e+01
 5.95500000e+02 3.82474699e+01
 5.96000000e+02 3.87543861e+01
 5.96500000e+02 3.36194121e+01
 5.97000000e+02 2.46671656e+01
 5.97500000e+02 3.84678646e+01
 5.98000000e+02 3.76834173e+01
 5.98500000e+02 4.34023228e+01
 5.99000000e+02 4.08164950e+01
 5.99500000e+02 2.64353825e+01
 6.00000000e+02 4.06012208e+01
 6.00500000e+02 4.76256666e+01
 6.01000000e+02 3.85443790e+01
 6.01500000e+02 3.62630541e+01
 6.02000000e+02 3.91188334e+01
 6.02500000e+02 3.26628383e+01
 6.03000000e+02 4.26127935e+01
 6.03500000e+02 3.64795477e+01
 6.04000000e+02 5.48157730e+01
 6.04500000e+02 2.54949076e+01
 6.05000000e+02 2.83363669e+01
 6.05500000e+02 2.69413966e+01
 6.06000000e+02 3.16354335e+01
 6.06500000e+02 3.96920660e+01
 6.07000000e+02 3.61033578e+01
 6.07500000e+02 2.17707393e+01
 6.08000000e+02 3.74835660e+01
 6.08500000e+02 4.57385428e+01
 6.09000000e+02 4.68426451e+01
 6.09500000e+02 4.93024872e+01
 6.10000000e+02 2.43771660e+01
 6.10500000e+02 5.56558799e+01
 6.11000000e+02 3.96481964e+01
 6.11500000e+02 3.52418900e+01
 6.12000000e+02 5.02703230e+01
 6.12500000e+02 5.07301382e+01
 6.13000000e+02 6.17651322e+01
 6.13500000e+02 5.62433862e+01
 6.14000000e+02 4.90098069e+01
 6.14500000e+02 3.71864908e+01
 6.15000000e+02 4.12265914e+01
 6.15500000e+02 4.44762536e+01
 6.16000000e+02 4.74121306e+01
 6.16500000e+02 4.01547977e+01
 6.17000000e+02 2.58025844e+01
 6.17500000e+02 3.27725531e+01
 6.18000000e+02 3.22901929e+01
 6.18500000e+02 4.21983116e+01
 6.19000000e+02 3.68650778e+01
 6.19500000e+02 4.69018054e+01
 6.20000000e+02 5.23946996e+01
 6.20500000e+02 5.05791267e+01
 6.21000000e+02 4.75780769e+01
 6.21500000e+02 4.08575965e+01
 6.22000000e+02 4.33298913e+01
 6.22500000e+02 4.67579831e+01
 6.23000000e+02 3.98722363e+01
 6.23500000e+02 5.22864365e+01
 6.24000000e+02 3.74823599e+01
 6.24500000e+02 4.60834776e+01
 6.25000000e+02 4.13336000e+01
 6.25500000e+02 4.45011380e+01
 6.26000000e+02 5.37111596e+01
 6.26500000e+02 3.54761911e+01
 6.27000000e+02 3.64383418e+01
 6.27500000e+02 3.91892645e+01
 6.28000000e+02 4.27184837e+01
 6.28500000e+02 2.32426330e+01
 6.29000000e+02 1.76274450e+01
 6.29500000e+02 3.06050315e+01
 6.30000000e+02 4.20517734e+01
 6.30500000e+02 4.74350168e+01
 6.31000000e+02 4.82699275e+01
 6.31500000e+02 2.35143775e+01
 6.32000000e+02 5.30460831e+01
 6.32500000e+02 4.12856692e+01
 6.33000000e+02 4.17812979e+01
 6.33500000e+02 5.95678480e+01
 6.34000000e+02 4.17809738e+01
 6.34500000e+02 4.89774586e+01
 6.35000000e+02 3.58440686e+01
 6.35500000e+02 2.70930016e+01
 6.36000000e+02 5.49890594e+01
 6.36500000e+02 3.08725986e+01
 6.37000000e+02 5.01110847e+01
 6.37500000e+02 2.74050794e+01
 6.38000000e+02 3.26238457e+01
 6.38500000e+02 4.63914588e+01
 6.39000000e+02 3.14973787e+01
 6.39500000e+02 5.63785835e+01
 6.40000000e+02 2.59867726e+01
 6.40500000e+02 4.34378053e+01
 6.41000000e+02 5.30721396e+01
 6.41500000e+02 4.73673646e+01
 6.42000000e+02 5.37990748e+01
 6.42500000e+02 5.13111638e+01
 6.43000000e+02 3.90607789e+01
 6.43500000e+02 4.03153518e+01
 6.44000000e+02 3.49883772e+01
 6.44500000e+02 3.58145617e+01
 6.45000000e+02 4.05732885e+01
 6.45500000e+02 4.82395328e+01
 6.46000000e+02 3.41832094e+01
 6.46500000e+02 3.41481455e+01
 6.47000000e+02 3.68141545e+01
 6.47500000e+02 2.56771200e+01
 6.48000000e+02 3.20972688e+01
 6.48500000e+02 2.00154248e+01
 6.49000000e+02 4.20525685e+01
 6.49500000e+02 4.49659120e+01
 6.50000000e+02 3.26530381e+01
 6.50500000e+02 4.69081812e+01
 6.51000000e+02 4.74125778e+01
 6.51500000e+02 3.55483553e+01
 6.52000000e+02 5.89543706e+01
 6.52500000e+02 4.97625291e+01
 6.53000000e+02 3.54473510e+01
 6.53500000e+02 3.64170178e+01
 6.54000000e+02 3.85088261e+01
 6.54500000e+02 4.20132274e+01
 6.55000000e+02 4.57445597e+01
 6.55500000e+02 4.39201089e+01
 6.56000000e+02 3.72614728e+01
 6.56500000e+02 3.70443239e+01
 6.57000000e+02 4.51380155e+01
 6.57500000e+02 2.65148299e+01
 6.58000000e+02 2.89628318e+01
 6.58500000e+02 4.40300072e+01
 6.59000000e+02 2.83763913e+01
 6.59500000e+02 4.11883983e+01
 6.60000000e+02 2.94175480e+01
 6.60500000e+02 4.23155606e+01
 6.61000000e+02 4.17463136e+01
 6.61500000e+02 5.08928086e+01
 6.62000000e+02 4.61341076e+01
 6.62500000e+02 3.75802533e+01
 6.63000000e+02 3.54413575e+01
 6.63500000e+02 3.28684070e+01
 6.64000000e+02 5.63042163e+01
 6.64500000e+02 4.22145093e+01
 6.65000000e+02 3.61407322e+01
 6.65500000e+02 3.09991327e+01
 6.66000000e+02 3.95572571e+01
 6.66500000e+02 3.41870203e+01
 6.67000000e+02 3.37491928e+01
 6.67500000e+02 3.16117286e+01
 6.68000000e+02 4.07682998e+01
 6.68500000e+02 3.25363337e+01
 6.69000000e+02 3.32524756e+01
 6.69500000e+02 5.03153585e+01
 6.70000000e+02 4.10413875e+01
 6.70500000e+02 5.01203204e+01
 6.71000000e+02 3.60906769e+01
 6.71500000e+02 5.33609081e+01
 6.72000000e+02 5.46842079e+01
 6.72500000e+02 3.37473400e+01
 6.73000000e+02 3.91043726e+01
 6.73500000e+02 5.38555156e+01
 6.74000000e+02 4.07018044e+01
 6.74500000e+02 4.06040213e+01
 6.75000000e+02 3.81473665e+01
 6.75500000e+02 3.31620021e+01
 6.76000000e+02 3.14126948e+01
 6.76500000e+02 3.81663406e+01
 6.77000000e+02 3.69122581e+01
 6.77500000e+02 1.37217021e+01
 6.78000000e+02 3.74626596e+01
 6.78500000e+02 3.35043548e+01
 6.79000000e+02 3.84693695e+01
 6.79500000e+02 4.75097845e+01
 6.80000000e+02 4.00160090e+01
 6.80500000e+02 3.37565178e+01
 6.81000000e+02 4.39953730e+01
 6.81500000e+02 3.20541651e+01
 6.82000000e+02 3.79460542e+01
 6.82500000e+02 5.51542124e+01
 6.83000000e+02 6.52569276e+01
 6.83500000e+02 4.00495976e+01
 6.84000000e+02 3.17482179e+01
 6.84500000e+02 4.21223258e+01
 6.85000000e+02 4.41986367e+01
 6.85500000e+02 5.38440514e+01
 6.86000000e+02 3.64505889e+01
 6.86500000e+02 3.53839457e+01
 6.87000000e+02 3.17733360e+01
 6.87500000e+02 2.85293872e+01
 6.88000000e+02 2.95542005e+01
 6.88500000e+02 4.23082867e+01
 6.89000000e+02 3.69613002e+01
 6.89500000e+02 3.58344740e+01
 6.90000000e+02 5.26927772e+01
 6.90500000e+02 3.01943995e+01
 6.91000000e+02 3.52871764e+01
 6.91500000e+02 3.64820242e+01
 6.92000000e+02 5.05397451e+01
 6.92500000e+02 3.54968873e+01
 6.93000000e+02 3.64039899e+01
 6.93500000e+02 5.26602568e+01
 6.94000000e+02 3.60490197e+01
 6.94500000e+02 3.03550634e+01
 6.95000000e+02 4.76217513e+01
 6.95500000e+02 5.15140601e+01
 6.96000000e+02 4.16012163e+01
 6.96500000e+02 1.59927552e+01
 6.97000000e+02 2.71729093e+01
 6.97500000e+02 3.16459892e+01
 6.98000000e+02 3.38826153e+01
 6.98500000e+02 3.44785352e+01
 6.99000000e+02 4.16094737e+01
 6.99500000e+02 3.21362676e+01
 7.00000000e+02 4.03072171e+01
 7.00500000e+02 3.21021546e+01
 7.01000000e+02 4.57987668e+01
 7.01500000e+02 5.04198410e+01
 7.02000000e+02 4.08288708e+01
 7.02500000e+02 6.15658378e+01
 7.03000000e+02 4.33094543e+01
 7.03500000e+02 4.11665771e+01
 7.04000000e+02 4.91514565e+01
 7.04500000e+02 4.05529111e+01
 7.05000000e+02 5.10862965e+01
 7.05500000e+02 3.64783569e+01
 7.06000000e+02 2.88545681e+01
 7.06500000e+02 3.27368981e+01
 7.07000000e+02 3.16054925e+01
 7.07500000e+02 3.34220924e+01
 7.08000000e+02 4.24724069e+01
 7.08500000e+02 4.21865930e+01
 7.09000000e+02 4.17560548e+01
 7.09500000e+02 3.19285728e+01
 7.10000000e+02 2.87317880e+01
 7.10500000e+02 4.82549348e+01
 7.11000000e+02 3.68033100e+01
 7.11500000e+02 3.98506046e+01
 7.12000000e+02 3.88871001e+01
 7.12500000e+02 6.10004240e+01
 7.13000000e+02 3.66719928e+01
 7.13500000e+02 4.92405223e+01
 7.14000000e+02 4.07093579e+01
 7.14500000e+02 4.27358868e+01
 7.15000000e+02 2.84832739e+01
 7.15500000e+02 4.01369981e+01
 7.16000000e+02 3.28383028e+01
 7.16500000e+02 2.86936458e+01
 7.17000000e+02 4.49633419e+01
 7.17500000e+02 3.71663476e+01
 7.18000000e+02 3.89394746e+01
 7.18500000e+02 3.53180509e+01
 7.19000000e+02 4.10769072e+01
 7.19500000e+02 2.61569209e+01
 7.20000000e+02 4.71149218e+01
 7.20500000e+02 3.48799884e+01
 7.21000000e+02 4.27344812e+01
 7.21500000e+02 4.25829681e+01
 7.22000000e+02 6.94915190e+01
 7.22500000e+02 5.10025549e+01
 7.23000000e+02 4.82265356e+01
 7.23500000e+02 4.12239541e+01
 7.24000000e+02 4.34046263e+01
 7.24500000e+02 4.18315325e+01
 7.25000000e+02 3.52425347e+01
 7.25500000e+02 4.16983609e+01
 7.26000000e+02 3.90760837e+01
 7.26500000e+02 4.70705564e+01
 7.27000000e+02 3.53919140e+01
 7.27500000e+02 3.53322202e+01
 7.28000000e+02 3.04643043e+01
 7.28500000e+02 2.55794623e+01
 7.29000000e+02 4.77799893e+01
 7.29500000e+02 3.93956736e+01
 7.30000000e+02 4.13651754e+01
 7.30500000e+02 3.11040088e+01
 7.31000000e+02 2.70993403e+01
 7.31500000e+02 5.31175193e+01
 7.32000000e+02 3.30508076e+01
 7.32500000e+02 4.72448346e+01
 7.33000000e+02 4.66197563e+01
 7.33500000e+02 3.91650911e+01
 7.34000000e+02 4.87459218e+01
 7.34500000e+02 4.40937157e+01
 7.35000000e+02 5.19628358e+01
 7.35500000e+02 3.32145823e+01
 7.36000000e+02 3.22074118e+01
 7.36500000e+02 2.39919718e+01
 7.37000000e+02 3.69338045e+01
 7.37500000e+02 3.36953656e+01
 7.38000000e+02 2.45914330e+01
 7.38500000e+02 4.82861699e+01
 7.39000000e+02 2.46347909e+01
 7.39500000e+02 2.99223044e+01
 7.40000000e+02 4.63063807e+01
 7.40500000e+02 4.60080687e+01
 7.41000000e+02 3.16125672e+01
 7.41500000e+02 4.11548012e+01
 7.42000000e+02 4.21741050e+01
 7.42500000e+02 4.51499898e+01
 7.43000000e+02 5.21938273e+01
 7.43500000e+02 3.67354978e+01
 7.44000000e+02 4.21161048e+01
 7.44500000e+02 5.53932620e+01
 7.45000000e+02 2.95893616e+01
 7.45500000e+02 3.24149823e+01
 7.46000000e+02 5.07444916e+01
 7.46500000e+02 3.43555327e+01
 7.47000000e+02 3.17919877e+01
 7.47500000e+02 2.89792403e+01
 7.48000000e+02 4.25812402e+01
 7.48500000e+02 3.16560002e+01
 7.49000000e+02 2.93759884e+01
 7.49500000e+02 3.95385145e+01
 7.50000000e+02 4.43895369e+01
 7.50500000e+02 4.51243203e+01
 7.51000000e+02 3.76415383e+01
 7.51500000e+02 3.74145734e+01
 7.52000000e+02 4.71972565e+01
 7.52500000e+02 5.18257102e+01
 7.53000000e+02 4.62584830e+01
 7.53500000e+02 5.07657070e+01
 7.54000000e+02 4.12928994e+01
 7.54500000e+02 3.73140988e+01
 7.55000000e+02 3.73204043e+01
 7.55500000e+02 4.80688400e+01
 7.56000000e+02 3.71813787e+01
 7.56500000e+02 3.78109169e+01
 7.57000000e+02 3.48827349e+01
 7.57500000e+02 3.31135509e+01
 7.58000000e+02 4.99437399e+01
 7.58500000e+02 4.49789730e+01
 7.59000000e+02 2.84418761e+01
 7.59500000e+02 3.64344183e+01
 7.60000000e+02 5.11852833e+01
 7.60500000e+02 3.30034082e+01
 7.61000000e+02 3.53393504e+01
 7.61500000e+02 4.80456918e+01
 7.62000000e+02 3.72981715e+01
 7.62500000e+02 5.61519384e+01
 7.63000000e+02 5.87071756e+01
 7.63500000e+02 4.66646447e+01
 7.64000000e+02 4.58087531e+01
 7.64500000e+02 3.18170621e+01
 7.65000000e+02 2.45507479e+01
 7.65500000e+02 3.29493781e+01
 7.66000000e+02 3.58159188e+01
 7.66500000e+02 4.10114290e+01
 7.67000000e+02 3.02798098e+01
 7.67500000e+02 3.78444794e+01
 7.68000000e+02 2.99876036e+01
 7.68500000e+02 2.99387998e+01
 7.69000000e+02 3.75320715e+01
 7.69500000e+02 3.31702608e+01
 7.70000000e+02 4.47246235e+01
 7.70500000e+02 3.17684885e+01
 7.71000000e+02 3.65615944e+01
 7.71500000e+02 4.23264413e+01
 7.72000000e+02 4.53422732e+01
 7.72500000e+02 5.05246170e+01
 7.73000000e+02 4.74068278e+01
 7.73500000e+02 5.23855838e+01
 7.74000000e+02 4.10243680e+01
 7.74500000e+02 4.40161619e+01
 7.75000000e+02 4.27976940e+01
 7.75500000e+02 3.03285397e+01
 7.76000000e+02 4.67796030e+01
 7.76500000e+02 3.24724348e+01
 7.77000000e+02 3.10547698e+01
 7.77500000e+02 2.59039976e+01
 7.78000000e+02 4.32720625e+01
 7.78500000e+02 2.34970687e+01
 7.79000000e+02 4.14981169e+01
 7.79500000e+02 4.48984395e+01
 7.80000000e+02 3.12728277e+01
 7.80500000e+02 3.85926254e+01
 7.81000000e+02 4.64646516e+01
 7.81500000e+02 2.78180782e+01
 7.82000000e+02 3.17267192e+01
 7.82500000e+02 3.27698864e+01
 7.83000000e+02 4.63163759e+01
 7.83500000e+02 5.14168440e+01
 7.84000000e+02 4.50117733e+01
 7.84500000e+02 3.04706928e+01
 7.85000000e+02 2.74845639e+01
 7.85500000e+02 2.73969341e+01
 7.86000000e+02 3.32196406e+01
 7.86500000e+02 1.50831792e+01
 7.87000000e+02 3.66223627e+01
 7.87500000e+02 3.44087554e+01
 7.88000000e+02 1.65595954e+01
 7.88500000e+02 4.13197790e+01
 7.89000000e+02 3.99326670e+01
 7.89500000e+02 4.77992861e+01
 7.90000000e+02 4.19407604e+01
 7.90500000e+02 5.27698230e+01
 7.91000000e+02 4.18890731e+01
 7.91500000e+02 4.07065539e+01
 7.92000000e+02 4.19529748e+01
 7.92500000e+02 4.96468845e+01
 7.93000000e+02 5.07540297e+01
 7.93500000e+02 4.09747445e+01
 7.94000000e+02 4.35894049e+01
 7.94500000e+02 3.85530829e+01
 7.95000000e+02 2.34552993e+01
 7.95500000e+02 4.86800807e+01
 7.96000000e+02 4.74924836e+01
 7.96500000e+02 4.03332028e+01
 7.97000000e+02 3.18478163e+01
 7.97500000e+02 3.54023859e+01
 7.98000000e+02 3.43498980e+01
 7.98500000e+02 3.51944883e+01
 7.99000000e+02 4.57253324e+01
 7.99500000e+02 3.52559616e+01
 8.00000000e+02 4.71754876e+01
 8.00500000e+02 5.37970507e+01
 8.01000000e+02 3.41210770e+01
 8.01500000e+02 3.79570403e+01
 8.02000000e+02 4.67630701e+01
 8.02500000e+02 3.66783188e+01
 8.03000000e+02 5.56804719e+01
 8.03500000e+02 5.64622787e+01
 8.04000000e+02 4.59263050e+01
 8.04500000e+02 3.91650067e+01
 8.05000000e+02 3.96362836e+01
 8.05500000e+02 1.94147364e+01
 8.06000000e+02 3.91594646e+01
 8.06500000e+02 4.18928438e+01
 8.07000000e+02 3.43504622e+01
 8.07500000e+02 5.57757386e+01
 8.08000000e+02 4.15608043e+01
 8.08500000e+02 2.67710241e+01
 8.09000000e+02 3.38186656e+01
 8.09500000e+02 4.52277327e+01
 8.10000000e+02 3.99684299e+01
 8.10500000e+02 4.42286154e+01
 8.11000000e+02 3.60246373e+01
 8.11500000e+02 3.97055012e+01
 8.12000000e+02 4.84273430e+01
 8.12500000e+02 3.50688626e+01
 8.13000000e+02 4.89314013e+01
 8.13500000e+02 4.44407068e+01
 8.14000000e+02 3.96503970e+01
 8.14500000e+02 4.60950430e+01
 8.15000000e+02 4.65699482e+01
 8.15500000e+02 4.11757478e+01
 8.16000000e+02 4.41925930e+01
 8.16500000e+02 4.73776417e+01
 8.17000000e+02 3.11216283e+01
 8.17500000e+02 4.87740749e+01
 8.18000000e+02 3.97291272e+01
 8.18500000e+02 4.03544038e+01
 8.19000000e+02 3.37672623e+01
 8.19500000e+02 3.06992791e+01
 8.20000000e+02 4.20684468e+01
 8.20500000e+02 4.79733257e+01
 8.21000000e+02 4.90691027e+01
 8.21500000e+02 4.76983234e+01
 8.22000000e+02 5.10873899e+01
 8.22500000e+02 4.66269216e+01
 8.23000000e+02 3.99377988e+01
 8.23500000e+02 4.68063041e+01
 8.24000000e+02 2.57873150e+01
 8.24500000e+02 4.17571062e+01
 8.25000000e+02 4.33371841e+01
 8.25500000e+02 4.41531441e+01
 8.26000000e+02 2.00855660e+01
 8.26500000e+02 4.45732617e+01
 8.27000000e+02 3.83767989e+01
 8.27500000e+02 2.68571709e+01
 8.28000000e+02 2.74310602e+01
 8.28500000e+02 3.80643130e+01
 8.29000000e+02 4.86406665e+01
 8.29500000e+02 3.72447900e+01
 8.30000000e+02 4.43091099e+01
 8.30500000e+02 5.07214893e+01
 8.31000000e+02 5.05144337e+01
 8.31500000e+02 3.25452939e+01
 8.32000000e+02 5.06652655e+01
 8.32500000e+02 3.70865990e+01
 8.33000000e+02 4.85168750e+01
 8.33500000e+02 3.33411963e+01
 8.34000000e+02 4.66231545e+01
 8.34500000e+02 3.01612204e+01
 8.35000000e+02 3.69589105e+01
 8.35500000e+02 4.19807642e+01
 8.36000000e+02 4.08957445e+01
 8.36500000e+02 4.67081282e+01
 8.37000000e+02 2.81982953e+01
 8.37500000e+02 4.34536016e+01
 8.38000000e+02 3.72919278e+01
 8.38500000e+02 4.35924994e+01
 8.39000000e+02 4.72432445e+01
 8.39500000e+02 4.28244573e+01
 8.40000000e+02 3.97110670e+01
 8.40500000e+02 3.64097945e+01
 8.41000000e+02 4.25711471e+01
 8.41500000e+02 4.04492597e+01
 8.42000000e+02 4.99328607e+01
 8.42500000e+02 5.34579240e+01
 8.43000000e+02 4.82914581e+01
 8.43500000e+02 4.07393568e+01
 8.44000000e+02 6.03217745e+01
 8.44500000e+02 4.44803730e+01
 8.45000000e+02 3.03549941e+01
 8.45500000e+02 4.57436803e+01
 8.46000000e+02 3.54600129e+01
 8.46500000e+02 3.24622361e+01
 8.47000000e+02 2.24077326e+01
 8.47500000e+02 2.13502616e+01
 8.48000000e+02 3.72989865e+01
 8.48500000e+02 4.24047795e+01
 8.49000000e+02 4.55542336e+01
 8.49500000e+02 5.12345115e+01
 8.50000000e+02 4.65349403e+01
 8.50500000e+02 3.78235072e+01
 8.51000000e+02 5.08016412e+01
 8.51500000e+02 5.45801111e+01
 8.52000000e+02 4.43933025e+01
 8.52500000e+02 3.72740217e+01
 8.53000000e+02 3.65173246e+01
 8.53500000e+02 4.83356916e+01
 8.54000000e+02 3.32688887e+01
 8.54500000e+02 5.30655942e+01
 8.55000000e+02 2.54066561e+01
 8.55500000e+02 3.44357534e+01
 8.56000000e+02 2.97702972e+01
 8.56500000e+02 2.02240202e+01
 8.57000000e+02 3.28505338e+01
 8.57500000e+02 4.41991019e+01
 8.58000000e+02 2.87163465e+01
 8.58500000e+02 4.07151570e+01
 8.59000000e+02 3.19669727e+01
 8.59500000e+02 4.57501158e+01
 8.60000000e+02 4.97055512e+01
 8.60500000e+02 4.99799456e+01
 8.61000000e+02 5.76266479e+01
 8.61500000e+02 3.54776799e+01
 8.62000000e+02 6.15311893e+01
 8.62500000e+02 4.83341329e+01
 8.63000000e+02 3.90905528e+01
 8.63500000e+02 5.64158633e+01
 8.64000000e+02 5.39538819e+01
 8.64500000e+02 3.22624323e+01
 8.65000000e+02 3.35510034e+01
 8.65500000e+02 4.58486516e+01
 8.66000000e+02 5.28200058e+01
 8.66500000e+02 4.64019157e+01
 8.67000000e+02 2.57274973e+01
 8.67500000e+02 2.33497201e+01
 8.68000000e+02 4.02133333e+01
 8.68500000e+02 2.88239735e+01
 8.69000000e+02 3.96899541e+01
 8.69500000e+02 3.94755291e+01
 8.70000000e+02 3.00707106e+01
 8.70500000e+02 5.12049981e+01
 8.71000000e+02 4.58881270e+01
 8.71500000e+02 4.82138714e+01
 8.72000000e+02 5.19398237e+01
 8.72500000e+02 5.65562957e+01
 8.73000000e+02 2.66229129e+01
 8.73500000e+02 4.12465646e+01
 8.74000000e+02 4.43643171e+01
 8.74500000e+02 4.92131456e+01
 8.75000000e+02 3.46843145e+01
 8.75500000e+02 3.44612742e+01
 8.76000000e+02 4.56380431e+01
 8.76500000e+02 3.42059213e+01
 8.77000000e+02 3.42373298e+01
 8.77500000e+02 2.94459429e+01
 8.78000000e+02 4.48784628e+01
 8.78500000e+02 4.31290157e+01
 8.79000000e+02 3.18161506e+01
 8.79500000e+02 3.96862353e+01
 8.80000000e+02 5.36793563e+01
 8.80500000e+02 5.18464771e+01
 8.81000000e+02 4.99586984e+01
 8.81500000e+02 5.89900021e+01
 8.82000000e+02 4.76933594e+01
 8.82500000e+02 3.67953844e+01
 8.83000000e+02 4.66194100e+01
 8.83500000e+02 5.22774822e+01
 8.84000000e+02 4.20363717e+01
 8.84500000e+02 3.13648455e+01
 8.85000000e+02 3.51045174e+01
 8.85500000e+02 5.33936900e+01
 8.86000000e+02 4.45032017e+01
 8.86500000e+02 2.37243236e+01
 8.87000000e+02 3.56408053e+01
 8.87500000e+02 4.03544735e+01
 8.88000000e+02 4.14400331e+01
 8.88500000e+02 5.30038448e+01
 8.89000000e+02 3.95472806e+01
 8.89500000e+02 3.91988120e+01
 8.90000000e+02 3.29135198e+01
 8.90500000e+02 4.59764439e+01
 8.91000000e+02 4.16462029e+01
 8.91500000e+02 5.25542851e+01
 8.92000000e+02 4.57226503e+01
 8.92500000e+02 2.96184350e+01
 8.93000000e+02 6.10764010e+01
 8.93500000e+02 2.96324628e+01
 8.94000000e+02 3.30214352e+01
 8.94500000e+02 3.90649309e+01
 8.95000000e+02 4.50008144e+01
 8.95500000e+02 4.09578602e+01
 8.96000000e+02 4.54753651e+01
 8.96500000e+02 4.33019482e+01
 8.97000000e+02 2.51696805e+01
 8.97500000e+02 3.05360788e+01
 8.98000000e+02 2.95935315e+01
 8.98500000e+02 4.27520818e+01
 8.99000000e+02 1.76175931e+01
 8.99500000e+02 4.89648458e+01
 9.00000000e+02 5.28856379e+01
 9.00500000e+02 2.39934904e+01
 9.01000000e+02 4.01800429e+01
 9.01500000e+02 4.36786994e+01
 9.02000000e+02 4.68000528e+01
 9.02500000e+02 4.16966784e+01
 9.03000000e+02 3.48712776e+01
 9.03500000e+02 4.00499214e+01
 9.04000000e+02 4.75253203e+01
 9.04500000e+02 3.31300092e+01
 9.05000000e+02 5.24444081e+01
 9.05500000e+02 4.25248648e+01
 9.06000000e+02 4.41934780e+01
 9.06500000e+02 3.56706565e+01
 9.07000000e+02 4.78256238e+01
 9.07500000e+02 2.85526671e+01
 9.08000000e+02 1.94615748e+01
 9.08500000e+02 5.68277952e+01
 9.09000000e+02 4.00082913e+01
 9.09500000e+02 3.87628322e+01
 9.10000000e+02 2.73655835e+01
 9.10500000e+02 3.74893657e+01
 9.11000000e+02 3.88207219e+01
 9.11500000e+02 3.00080202e+01
 9.12000000e+02 5.41730571e+01
 9.12500000e+02 3.17970256e+01
 9.13000000e+02 3.93803348e+01
 9.13500000e+02 3.14689920e+01
 9.14000000e+02 4.12503512e+01
 9.14500000e+02 3.50316416e+01
 9.15000000e+02 2.51330145e+01
 9.15500000e+02 3.73471303e+01
 9.16000000e+02 3.85734064e+01
 9.16500000e+02 3.09541638e+01
 9.17000000e+02 4.00046077e+01
 9.17500000e+02 3.35729950e+01
 9.18000000e+02 3.76428389e+01
 9.18500000e+02 3.99374511e+01
 9.19000000e+02 3.21717143e+01
 9.19500000e+02 4.19236964e+01
 9.20000000e+02 4.73816165e+01
 9.20500000e+02 3.12242216e+01
 9.21000000e+02 3.50128809e+01
 9.21500000e+02 3.19098230e+01
 9.22000000e+02 3.69318825e+01
 9.22500000e+02 5.32470428e+01
 9.23000000e+02 3.38967867e+01
 9.23500000e+02 5.77962432e+01
 9.24000000e+02 4.56072890e+01
 9.24500000e+02 4.47144099e+01
 9.25000000e+02 3.72523049e+01
 9.25500000e+02 3.61739401e+01
 9.26000000e+02 3.12450655e+01
 9.26500000e+02 2.34761909e+01
 9.27000000e+02 3.88706883e+01
 9.27500000e+02 4.35579918e+01
 9.28000000e+02 4.23184339e+01
 9.28500000e+02 4.71107546e+01
 9.29000000e+02 3.90381265e+01
 9.29500000e+02 5.59895897e+01
 9.30000000e+02 4.08206456e+01
 9.30500000e+02 4.15229787e+01
 9.31000000e+02 6.75067386e+01
 9.31500000e+02 3.20803273e+01
 9.32000000e+02 4.12893088e+01
 9.32500000e+02 4.33528601e+01
 9.33000000e+02 5.50994509e+01
 9.33500000e+02 4.66095481e+01
 9.34000000e+02 4.32156249e+01
 9.34500000e+02 3.67439211e+01
 9.35000000e+02 3.64834333e+01
 9.35500000e+02 4.02790652e+01
 9.36000000e+02 2.94811783e+01
 9.36500000e+02 3.49031751e+01
 9.37000000e+02 3.36888824e+01
 9.37500000e+02 4.25288417e+01
 9.38000000e+02 4.84371616e+01
 9.38500000e+02 5.49228116e+01
 9.39000000e+02 2.26036961e+01
 9.39500000e+02 4.27643951e+01
 9.40000000e+02 4.47528304e+01
 9.40500000e+02 4.14946880e+01
 9.41000000e+02 3.95300758e+01
 9.41500000e+02 5.30885682e+01
 9.42000000e+02 5.51005322e+01
 9.42500000e+02 4.10969033e+01
 9.43000000e+02 4.46947365e+01
 9.43500000e+02 4.54232903e+01
 9.44000000e+02 4.47979803e+01
 9.44500000e+02 4.71569627e+01
 9.45000000e+02 3.08310754e+01
 9.45500000e+02 2.75905010e+01
 9.46000000e+02 3.08103012e+01
 9.46500000e+02 2.35481274e+01
 9.47000000e+02 3.12141541e+01
 9.47500000e+02 2.67360678e+01
 9.48000000e+02 3.19922062e+01
 9.48500000e+02 4.72969062e+01
 9.49000000e+02 3.49345947e+01
 9.49500000e+02 5.68021249e+01
 9.50000000e+02 3.91015405e+01
 9.50500000e+02 3.53167990e+01
 9.51000000e+02 4.61701145e+01
 9.51500000e+02 3.32910961e+01
 9.52000000e+02 3.96873886e+01
 9.52500000e+02 3.12725173e+01
 9.53000000e+02 4.49297691e+01
 9.53500000e+02 4.47406591e+01
 9.54000000e+02 3.97424298e+01
 9.54500000e+02 4.31656213e+01
 9.55000000e+02 4.38388810e+01
 9.55500000e+02 4.99489605e+01
 9.56000000e+02 3.39233114e+01
 9.56500000e+02 3.10738897e+01
 9.57000000e+02 3.99847655e+01
 9.57500000e+02 2.86021809e+01
 9.58000000e+02 4.64834734e+01
 9.58500000e+02 4.94046247e+01
 9.59000000e+02 4.02355904e+01
 9.59500000e+02 4.68958119e+01
 9.60000000e+02 3.37468383e+01
 9.60500000e+02 3.94168224e+01
 9.61000000e+02 4.49809954e+01
 9.61500000e+02 6.14298392e+01
 9.62000000e+02 3.43050936e+01
 9.62500000e+02 4.46936129e+01
 9.63000000e+02 4.84385299e+01
 9.63500000e+02 4.51894949e+01
 9.64000000e+02 4.30979086e+01
 9.64500000e+02 4.90054609e+01
 9.65000000e+02 2.66373173e+01
 9.65500000e+02 4.39434470e+01
 9.66000000e+02 3.88315263e+01
 9.66500000e+02 3.51015180e+01
 9.67000000e+02 2.62092392e+01
 9.67500000e+02 3.52274691e+01
 9.68000000e+02 4.40604440e+01
 9.68500000e+02 3.44777883e+01
 9.69000000e+02 3.90521594e+01
 9.69500000e+02 4.42084214e+01
 9.70000000e+02 4.10035814e+01
 9.70500000e+02 4.51761168e+01
 9.71000000e+02 3.17083110e+01
 9.71500000e+02 6.20511457e+01
 9.72000000e+02 4.39333881e+01
 9.72500000e+02 4.71681316e+01
 9.73000000e+02 4.45188309e+01
 9.73500000e+02 4.83954015e+01
 9.74000000e+02 2.63585283e+01
 9.74500000e+02 5.32613330e+01
 9.75000000e+02 3.04567208e+01
 9.75500000e+02 2.39937795e+01
 9.76000000e+02 2.99244032e+01
 9.76500000e+02 4.23958532e+01
 9.77000000e+02 2.43858103e+01
 9.77500000e+02 2.87073577e+01
 9.78000000e+02 3.66232738e+01
 9.78500000e+02 4.25842652e+01
 9.79000000e+02 2.79577005e+01
 9.79500000e+02 4.06305409e+01
 9.80000000e+02 3.68447286e+01
 9.80500000e+02 3.95178497e+01
 9.81000000e+02 4.60347253e+01
 9.81500000e+02 3.66728291e+01
 9.82000000e+02 4.76016280e+01
 9.82500000e+02 5.23960772e+01
 9.83000000e+02 3.33286232e+01
 9.83500000e+02 2.98170288e+01
 9.84000000e+02 2.98018626e+01
 9.84500000e+02 4.13494863e+01
 9.85000000e+02 3.35268079e+01
 9.85500000e+02 4.51987730e+01
 9.86000000e+02 4.90195071e+01
 9.86500000e+02 2.91965328e+01
 9.87000000e+02 3.15515582e+01
 9.87500000e+02 4.27473006e+01
 9.88000000e+02 3.63191715e+01
 9.88500000e+02 4.84349286e+01
 9.89000000e+02 3.28189990e+01
 9.89500000e+02 5.69629149e+01
 9.90000000e+02 5.16918251e+01
 9.90500000e+02 4.50243968e+01
 9.91000000e+02 5.47282196e+01
 9.91500000e+02 4.49108077e+01
 9.92000000e+02 5.16279845e+01
 9.92500000e+02 4.72917997e+01
 9.93000000e+02 3.81557861e+01
 9.93500000e+02 4.94303874e+01
 9.94000000e+02 5.00782967e+01
 9.94500000e+02 4.65951510e+01
 9.95000000e+02 5.04548523e+01
 9.95500000e+02 3.25125015e+01
 9.96000000e+02 3.68784908e+01
 9.96500000e+02 3.09943601e+01
 9.97000000e+02 2.54230949e+01
 9.97500000e+02 3.37765349e+01
 9.98000000e+02 3.63147539e+01
 9.98500000e+02 3.50498862e+01
 9.99000000e+02 4.12167412e+01
 9.99500000e+02 2.60317352e+01
 1.00000000e+03 6.51110200e+01
 1.00050000e+03 7.68622634e+01
 1.00100000e+03 6.64507927e+01
 1.00150000e+03 5.35992400e+01
 1.00200000e+03 5.79090005e+01
 1.00250000e+03 2.85802969e+01
 1.00300000e+03 4.04686669e+01
 1.00350000e+03 4.78217908e+01
 1.00400000e+03 3.19206377e+01
 1.00450000e+03 4.32244222e+01
 1.00500000e+03 4.48130681e+01
 1.00550000e+03 4.87836893e+01
 1.00600000e+03 4.97256569e+01
 1.00650000e+03 4.89681424e+01
 1.00700000e+03 4.82250345e+01
 1.00750000e+03 3.96393520e+01
 1.00800000e+03 3.43479543e+01
 1.00850000e+03 5.37044141e+01
 1.00900000e+03 4.92085328e+01
 1.00950000e+03 5.07706042e+01
 1.01000000e+03 3.34893984e+01
 1.01050000e+03 3.87246339e+01
 1.01100000e+03 5.24588552e+01
 1.01150000e+03 4.00026744e+01
 1.01200000e+03 5.55219380e+01
 1.01250000e+03 5.17071082e+01
 1.01300000e+03 4.56144781e+01
 1.01350000e+03 6.09987879e+01
 1.01400000e+03 7.36368432e+01
 1.01450000e+03 4.84849992e+01
 1.01500000e+03 4.94059674e+01
 1.01550000e+03 4.64138544e+01
 1.01600000e+03 6.06411166e+01
 1.01650000e+03 5.00501215e+01
 1.01700000e+03 6.17315383e+01
 1.01750000e+03 5.68008485e+01
 1.01800000e+03 3.46038423e+01
 1.01850000e+03 5.74230297e+01
 1.01900000e+03 6.10986560e+01
 1.01950000e+03 3.90220309e+01
 1.02000000e+03 2.96895269e+01
 1.02050000e+03 4.63298840e+01
 1.02100000e+03 4.17784191e+01
 1.02150000e+03 2.19688342e+01
 1.02200000e+03 5.87427652e+01
 1.02250000e+03 5.63087027e+01
 1.02300000e+03 4.36949540e+01
 1.02350000e+03 5.05626618e+01
 1.02400000e+03 5.43284741e+01
 1.02450000e+03 5.65029314e+01
 1.02500000e+03 4.97224762e+01
 1.02550000e+03 5.05196347e+01
 1.02600000e+03 5.96287199e+01
 1.02650000e+03 5.15962365e+01
 1.02700000e+03 5.31542364e+01
 1.02750000e+03 5.03361795e+01
 1.02800000e+03 5.38303609e+01
 1.02850000e+03 5.01789517e+01
 1.02900000e+03 4.50036659e+01
 1.02950000e+03 3.13071586e+01
 1.03000000e+03 6.09959507e+01
 1.03050000e+03 5.29325532e+01
 1.03100000e+03 5.40090471e+01
 1.03150000e+03 5.32464569e+01
 1.03200000e+03 5.95924586e+01
 1.03250000e+03 5.21759588e+01
 1.03300000e+03 5.83992392e+01
 1.03350000e+03 5.39426157e+01
 1.03400000e+03 5.19469966e+01
 1.03450000e+03 2.54775467e+01
 1.03500000e+03 6.12733564e+01
 1.03550000e+03 4.40583758e+01
 1.03600000e+03 6.76852000e+01
 1.03650000e+03 5.23468632e+01
 1.03700000e+03 5.86824187e+01
 1.03750000e+03 5.43876811e+01
 1.03800000e+03 4.42080111e+01
 1.03850000e+03 5.34406133e+01
 1.03900000e+03 4.88769883e+01
 1.03950000e+03 5.16713293e+01
 1.04000000e+03 5.40891277e+01
 1.04050000e+03 5.45990103e+01
 1.04100000e+03 5.81894910e+01
 1.04150000e+03 4.27017200e+01
 1.04200000e+03 4.00783767e+01
 1.04250000e+03 6.18181581e+01
 1.04300000e+03 4.18025754e+01
 1.04350000e+03 4.28696053e+01
 1.04400000e+03 5.00935437e+01
 1.04450000e+03 5.40864857e+01
 1.04500000e+03 5.54127341e+01
 1.04550000e+03 5.50736154e+01
 1.04600000e+03 6.23435352e+01
 1.04650000e+03 5.45425696e+01
 1.04700000e+03 5.86993545e+01
 1.04750000e+03 6.20762966e+01
 1.04800000e+03 5.58122871e+01
 1.04850000e+03 3.63910748e+01
 1.04900000e+03 3.75304553e+01
 1.04950000e+03 4.67348326e+01
 1.05000000e+03 2.57728085e+01
 1.05050000e+03 5.30033572e+01
 1.05100000e+03 4.78924244e+01
 1.05150000e+03 5.31952472e+01
 1.05200000e+03 4.06675048e+01
 1.05250000e+03 4.80432628e+01
 1.05300000e+03 5.12851451e+01
 1.05350000e+03 6.35375676e+01
 1.05400000e+03 5.05029500e+01
 1.05450000e+03 5.18568151e+01
 1.05500000e+03 6.56565836e+01
 1.05550000e+03 5.67453943e+01
 1.05600000e+03 5.25734643e+01
 1.05650000e+03 4.54856889e+01
 1.05700000e+03 8.01058982e+01
 1.05750000e+03 4.90427367e+01
 1.05800000e+03 6.69245810e+01
 1.05850000e+03 3.01279053e+01
 1.05900000e+03 5.62423441e+01
 1.05950000e+03 4.97481648e+01
 1.06000000e+03 5.40740102e+01
 1.06050000e+03 4.77101316e+01
 1.06100000e+03 4.57780020e+01
 1.06150000e+03 3.85585191e+01
 1.06200000e+03 5.76871575e+01
 1.06250000e+03 7.22098104e+01
 1.06300000e+03 5.56373903e+01
 1.06350000e+03 4.87879165e+01
 1.06400000e+03 6.40644042e+01
 1.06450000e+03 6.91622966e+01
 1.06500000e+03 4.97962722e+01
 1.06550000e+03 4.16294315e+01
 1.06600000e+03 6.37001740e+01
 1.06650000e+03 3.36650579e+01
 1.06700000e+03 2.59890148e+01
 1.06750000e+03 3.36569917e+01
 1.06800000e+03 3.98624936e+01
 1.06850000e+03 5.78121186e+01
 1.06900000e+03 4.50286124e+01
 1.06950000e+03 5.65972470e+01
 1.07000000e+03 5.83009158e+01
 1.07050000e+03 5.62488165e+01
 1.07100000e+03 4.71655770e+01
 1.07150000e+03 6.36966125e+01
 1.07200000e+03 2.41219983e+01
 1.07250000e+03 5.16971603e+01
 1.07300000e+03 4.67798480e+01
 1.07350000e+03 6.01301902e+01
 1.07400000e+03 6.06395297e+01
 1.07450000e+03 5.07925506e+01
 1.07500000e+03 4.43293878e+01
 1.07550000e+03 2.63786437e+01
 1.07600000e+03 3.66350686e+01
 1.07650000e+03 3.25287965e+01
 1.07700000e+03 3.87831299e+01
 1.07750000e+03 5.86686328e+01
 1.07800000e+03 5.21909286e+01
 1.07850000e+03 5.04241910e+01
 1.07900000e+03 6.88811814e+01
 1.07950000e+03 5.66186115e+01
 1.08000000e+03 4.86935669e+01
 1.08050000e+03 7.54174916e+01
 1.08100000e+03 3.38593144e+01
 1.08150000e+03 5.97716732e+01
 1.08200000e+03 3.97483596e+01
 1.08250000e+03 5.74954285e+01
 1.08300000e+03 4.74968919e+01
 1.08350000e+03 4.15127769e+01
 1.08400000e+03 5.17199445e+01
 1.08450000e+03 3.89017640e+01
 1.08500000e+03 4.56417525e+01
 1.08550000e+03 7.47512274e+01
 1.08600000e+03 4.33038183e+01
 1.08650000e+03 4.75853650e+01
 1.08700000e+03 3.12868881e+01
 1.08750000e+03 4.67236618e+01
 1.08800000e+03 4.40333137e+01
 1.08850000e+03 4.30530022e+01
 1.08900000e+03 4.20099810e+01
 1.08950000e+03 4.56643981e+01
 1.09000000e+03 3.99423973e+01
 1.09050000e+03 5.17696488e+01
 1.09100000e+03 5.48119957e+01
 1.09150000e+03 6.28181283e+01
 1.09200000e+03 3.61773595e+01
 1.09250000e+03 5.80010307e+01
 1.09300000e+03 5.04770555e+01
 1.09350000e+03 4.23419785e+01
 1.09400000e+03 4.98246953e+01
 1.09450000e+03 4.46565179e+01
 1.09500000e+03 4.58651492e+01
 1.09550000e+03 6.65570664e+01
 1.09600000e+03 5.49776322e+01
 1.09650000e+03 5.00253488e+01
 1.09700000e+03 5.48318747e+01
 1.09750000e+03 5.81440630e+01
 1.09800000e+03 4.02273601e+01
 1.09850000e+03 2.57570740e+01
 1.09900000e+03 5.52928391e+01
 1.09950000e+03 6.62208331e+01
 1.10000000e+03 5.03880490e+01
 1.10050000e+03 4.44002379e+01
 1.10100000e+03 4.35830510e+01
 1.10150000e+03 5.08979997e+01
 1.10200000e+03 4.50632391e+01
 1.10250000e+03 5.41636402e+01
 1.10300000e+03 5.10548360e+01
 1.10350000e+03 5.51550256e+01
 1.10400000e+03 5.95222551e+01
 1.10450000e+03 4.94396319e+01
 1.10500000e+03 5.88422144e+01
 1.10550000e+03 4.21962819e+01
 1.10600000e+03 5.48866154e+01
 1.10650000e+03 3.58892115e+01
 1.10700000e+03 5.24805406e+01
 1.10750000e+03 4.42416150e+01
 1.10800000e+03 4.74478295e+01
 1.10850000e+03 4.25374472e+01
 1.10900000e+03 5.71118015e+01
 1.10950000e+03 5.30400131e+01
 1.11000000e+03 4.76447777e+01
 1.11050000e+03 6.16511097e+01
 1.11100000e+03 5.69661484e+01
 1.11150000e+03 3.91907575e+01
 1.11200000e+03 4.12160838e+01
 1.11250000e+03 7.42492793e+01
 1.11300000e+03 5.17473318e+01
 1.11350000e+03 4.29675014e+01
 1.11400000e+03 4.99022029e+01
 1.11450000e+03 5.55104857e+01
 1.11500000e+03 4.39888125e+01
 1.11550000e+03 4.91224395e+01
 1.11600000e+03 4.33746046e+01
 1.11650000e+03 4.71377968e+01
 1.11700000e+03 7.94365967e+01
 1.11750000e+03 6.32883093e+01
 1.11800000e+03 4.32981603e+01
 1.11850000e+03 5.06416016e+01
 1.11900000e+03 4.78392136e+01
 1.11950000e+03 5.32254167e+01
 1.12000000e+03 6.10507873e+01
 1.12050000e+03 5.71642837e+01
 1.12100000e+03 6.49079964e+01
 1.12150000e+03 5.91745077e+01
 1.12200000e+03 4.70568297e+01
 1.12250000e+03 5.50910629e+01
 1.12300000e+03 5.69939323e+01
 1.12350000e+03 6.74282144e+01
 1.12400000e+03 4.32245415e+01
 1.12450000e+03 6.34085143e+01
 1.12500000e+03 5.53204171e+01
 1.12550000e+03 3.56692149e+01
 1.12600000e+03 4.08404658e+01
 1.12650000e+03 4.87548401e+01
 1.12700000e+03 4.96847788e+01
 1.12750000e+03 7.33191685e+01
 1.12800000e+03 3.77339737e+01
 1.12850000e+03 5.66218361e+01
 1.12900000e+03 3.43708667e+01
 1.12950000e+03 4.04307207e+01
 1.13000000e+03 5.49443085e+01
 1.13050000e+03 4.54097691e+01
 1.13100000e+03 5.86126440e+01
 1.13150000e+03 4.99185874e+01
 1.13200000e+03 4.25279360e+01
 1.13250000e+03 4.33198702e+01
 1.13300000e+03 3.61606305e+01
 1.13350000e+03 5.13745651e+01
 1.13400000e+03 4.89034716e+01
 1.13450000e+03 3.81925210e+01
 1.13500000e+03 5.65092724e+01
 1.13550000e+03 6.02586558e+01
 1.13600000e+03 2.79596448e+01
 1.13650000e+03 4.36984533e+01
 1.13700000e+03 4.00075249e+01
 1.13750000e+03 6.94039188e+01
 1.13800000e+03 4.16911389e+01
 1.13850000e+03 4.89579595e+01
 1.13900000e+03 3.81674674e+01
 1.13950000e+03 6.33942656e+01
 1.14000000e+03 3.95505567e+01
 1.14050000e+03 4.64112659e+01
 1.14100000e+03 5.23835992e+01
 1.14150000e+03 5.70125004e+01
 1.14200000e+03 7.25277452e+01
 1.14250000e+03 4.73426731e+01
 1.14300000e+03 3.93864911e+01
 1.14350000e+03 5.63805350e+01
 1.14400000e+03 5.09826707e+01
 1.14450000e+03 3.64686474e+01
 1.14500000e+03 3.41211527e+01
 1.14550000e+03 5.94937922e+01
 1.14600000e+03 5.20265853e+01
 1.14650000e+03 4.70078322e+01
 1.14700000e+03 3.99602598e+01
 1.14750000e+03 5.98929216e+01
 1.14800000e+03 4.23145326e+01
 1.14850000e+03 3.07001637e+01
 1.14900000e+03 6.62899260e+01
 1.14950000e+03 3.99884833e+01
 1.15000000e+03 5.18854511e+01
 1.15050000e+03 5.35164851e+01
 1.15100000e+03 5.90180183e+01
 1.15150000e+03 7.41333130e+01
 1.15200000e+03 4.11191499e+01
 1.15250000e+03 5.82552893e+01
 1.15300000e+03 5.19804025e+01
 1.15350000e+03 4.12210193e+01
 1.15400000e+03 4.19807684e+01
 1.15450000e+03 3.84749350e+01
 1.15500000e+03 3.95033403e+01
 1.15550000e+03 5.89592018e+01
 1.15600000e+03 4.10050507e+01
 1.15650000e+03 5.63977827e+01
 1.15700000e+03 5.17233315e+01
 1.15750000e+03 4.43717147e+01
 1.15800000e+03 5.00907469e+01
 1.15850000e+03 5.59620822e+01
 1.15900000e+03 4.85393494e+01
 1.15950000e+03 3.31921149e+01
 1.16000000e+03 5.06711734e+01
 1.16050000e+03 5.11803377e+01
 1.16100000e+03 2.98900791e+01
 1.16150000e+03 6.44238491e+01
 1.16200000e+03 5.67523449e+01
 1.16250000e+03 4.60198847e+01
 1.16300000e+03 4.51083563e+01
 1.16350000e+03 5.12833300e+01
 1.16400000e+03 5.46831978e+01
 1.16450000e+03 5.67355765e+01
 1.16500000e+03 4.84677921e+01
 1.16550000e+03 4.12354209e+01
 1.16600000e+03 5.39445176e+01
 1.16650000e+03 4.45830780e+01
 1.16700000e+03 4.50430157e+01
 1.16750000e+03 4.86559219e+01
 1.16800000e+03 5.57642656e+01
 1.16850000e+03 5.87773492e+01
 1.16900000e+03 6.27237046e+01
 1.16950000e+03 6.78092887e+01
 1.17000000e+03 3.84005646e+01
 1.17050000e+03 6.04145522e+01
 1.17100000e+03 5.53118885e+01
 1.17150000e+03 4.84118800e+01
 1.17200000e+03 1.45922049e+01
 1.17250000e+03 6.13116456e+01
 1.17300000e+03 4.37693047e+01
 1.17350000e+03 3.76660813e+01
 1.17400000e+03 5.59763600e+01
 1.17450000e+03 5.18278864e+01
 1.17500000e+03 4.85971322e+01
 1.17550000e+03 5.07117298e+01
 1.17600000e+03 5.05614550e+01
 1.17650000e+03 6.18705471e+01
 1.17700000e+03 4.67118077e+01
 1.17750000e+03 4.85088799e+01
 1.17800000e+03 5.13417282e+01
 1.17850000e+03 3.60681705e+01
 1.17900000e+03 3.65500911e+01
 1.17950000e+03 6.43329796e+01
 1.18000000e+03 4.75539734e+01
 1.18050000e+03 5.52757379e+01
 1.18100000e+03 4.58279429e+01
 1.18150000e+03 4.26842473e+01
 1.18200000e+03 5.81837974e+01
 1.18250000e+03 3.36572791e+01
 1.18300000e+03 3.74758179e+01
 1.18350000e+03 4.32769006e+01
 1.18400000e+03 5.02237441e+01
 1.18450000e+03 4.32474236e+01
 1.18500000e+03 4.38341860e+01
 1.18550000e+03 5.05499235e+01
 1.18600000e+03 5.01490562e+01
 1.18650000e+03 5.14914390e+01
 1.18700000e+03 5.12717198e+01
 1.18750000e+03 5.07162035e+01
 1.18800000e+03 4.31628272e+01
 1.18850000e+03 4.28000059e+01
 1.18900000e+03 3.93637660e+01
 1.18950000e+03 4.39705845e+01
 1.19000000e+03 3.94683286e+01
 1.19050000e+03 4.35476717e+01
 1.19100000e+03 5.34965980e+01
 1.19150000e+03 6.33489338e+01
 1.19200000e+03 5.65476463e+01
 1.19250000e+03 5.57319238e+01
 1.19300000e+03 4.41560186e+01
 1.19350000e+03 7.70715333e+01
 1.19400000e+03 4.79309243e+01
 1.19450000e+03 4.07847782e+01
 1.19500000e+03 3.59497072e+01
 1.19550000e+03 4.02133966e+01
 1.19600000e+03 5.91287186e+01
 1.19650000e+03 3.80017123e+01
 1.19700000e+03 4.07633175e+01
 1.19750000e+03 5.56458971e+01
 1.19800000e+03 4.61271184e+01
 1.19850000e+03 6.06997860e+01
 1.19900000e+03 3.91210113e+01
 1.19950000e+03 4.66039801e+01
 1.20000000e+03 5.56637789e+01
 1.20050000e+03 5.67980795e+01
 1.20100000e+03 5.58431598e+01
 1.20150000e+03 4.79491422e+01
 1.20200000e+03 3.43370108e+01
 1.20250000e+03 6.78898416e+01
 1.20300000e+03 3.81158192e+01
 1.20350000e+03 5.60911643e+01
 1.20400000e+03 6.45853067e+01
 1.20450000e+03 5.66430272e+01
 1.20500000e+03 7.09166505e+01
 1.20550000e+03 5.03823936e+01
 1.20600000e+03 4.63667513e+01
 1.20650000e+03 3.92419239e+01
 1.20700000e+03 2.77927297e+01
 1.20750000e+03 4.62793263e+01
 1.20800000e+03 4.22786572e+01
 1.20850000e+03 5.02375702e+01
 1.20900000e+03 3.96747914e+01
 1.20950000e+03 5.47042506e+01
 1.21000000e+03 4.44811495e+01
 1.21050000e+03 4.79505278e+01
 1.21100000e+03 3.58941787e+01
 1.21150000e+03 5.48965827e+01
 1.21200000e+03 4.26686272e+01
 1.21250000e+03 3.97924274e+01
 1.21300000e+03 4.81617042e+01
 1.21350000e+03 3.09338214e+01
 1.21400000e+03 5.68786388e+01
 1.21450000e+03 4.83773432e+01
 1.21500000e+03 5.56492954e+01
 1.21550000e+03 5.10295182e+01
 1.21600000e+03 5.21615068e+01
 1.21650000e+03 5.96373428e+01
 1.21700000e+03 4.51746537e+01
 1.21750000e+03 3.39100602e+01
 1.21800000e+03 5.02877177e+01
 1.21850000e+03 6.85201666e+01
 1.21900000e+03 3.35874078e+01
 1.21950000e+03 5.09416389e+01
 1.22000000e+03 3.57245544e+01
 1.22050000e+03 4.40234994e+01
 1.22100000e+03 4.56659494e+01
 1.22150000e+03 4.66285917e+01
 1.22200000e+03 5.14137571e+01
 1.22250000e+03 4.56553402e+01
 1.22300000e+03 3.80546293e+01
 1.22350000e+03 3.92826620e+01
 1.22400000e+03 5.61333560e+01
 1.22450000e+03 4.76715770e+01
 1.22500000e+03 6.00877679e+01
 1.22550000e+03 5.51799433e+01
 1.22600000e+03 7.29936036e+01
 1.22650000e+03 3.38868592e+01
 1.22700000e+03 5.79744034e+01
 1.22750000e+03 4.65428643e+01
 1.22800000e+03 3.89108171e+01
 1.22850000e+03 6.10618847e+01
 1.22900000e+03 6.36090708e+01
 1.22950000e+03 4.57225141e+01
 1.23000000e+03 2.55904685e+01
 1.23050000e+03 5.82794377e+01
 1.23100000e+03 6.36906174e+01
 1.23150000e+03 4.58420760e+01
 1.23200000e+03 4.42847908e+01
 1.23250000e+03 4.47100659e+01
 1.23300000e+03 5.72577786e+01
 1.23350000e+03 4.31831553e+01
 1.23400000e+03 5.36886430e+01
 1.23450000e+03 5.41562682e+01
 1.23500000e+03 6.01090759e+01
 1.23550000e+03 3.78048637e+01
 1.23600000e+03 4.35358193e+01
 1.23650000e+03 5.57270201e+01
 1.23700000e+03 3.77280608e+01
 1.23750000e+03 6.86380594e+01
 1.23800000e+03 3.34461985e+01
 1.23850000e+03 5.62961157e+01
 1.23900000e+03 5.04949819e+01
 1.23950000e+03 5.31497428e+01
 1.24000000e+03 4.94648692e+01
 1.24050000e+03 4.20202225e+01
 1.24100000e+03 5.60096502e+01
 1.24150000e+03 5.67914713e+01
 1.24200000e+03 4.41621075e+01
 1.24250000e+03 4.71806476e+01
 1.24300000e+03 6.25243031e+01
 1.24350000e+03 5.55303378e+01
 1.24400000e+03 5.30596530e+01
 1.24450000e+03 3.42579262e+01
 1.24500000e+03 5.14325251e+01
 1.24550000e+03 4.88156168e+01
 1.24600000e+03 4.73782596e+01
 1.24650000e+03 5.74277162e+01
 1.24700000e+03 5.10870531e+01
 1.24750000e+03 6.58996272e+01
 1.24800000e+03 5.62925768e+01
 1.24850000e+03 6.03285558e+01
 1.24900000e+03 4.98359607e+01
 1.24950000e+03 5.60520115e+01
 1.25000000e+03 6.45154445e+01
 1.25050000e+03 5.04855629e+01
 1.25100000e+03 4.29816066e+01
 1.25150000e+03 4.13606947e+01
 1.25200000e+03 5.36417731e+01
 1.25250000e+03 4.83536414e+01
 1.25300000e+03 3.31916523e+01
 1.25350000e+03 6.14355736e+01
 1.25400000e+03 4.24292749e+01
 1.25450000e+03 5.47237374e+01
 1.25500000e+03 5.59481166e+01
 1.25550000e+03 5.07992368e+01
 1.25600000e+03 5.36059836e+01
 1.25650000e+03 4.41742634e+01
 1.25700000e+03 4.60688022e+01
 1.25750000e+03 5.27375224e+01
 1.25800000e+03 4.33015339e+01
 1.25850000e+03 4.31843163e+01
 1.25900000e+03 6.13462199e+01
 1.25950000e+03 2.95964840e+01
 1.26000000e+03 4.62455734e+01
 1.26050000e+03 4.87630021e+01
 1.26100000e+03 4.80988490e+01
 1.26150000e+03 4.47473230e+01
 1.26200000e+03 3.77803856e+01
 1.26250000e+03 5.78644492e+01
 1.26300000e+03 4.78478788e+01
 1.26350000e+03 4.83980445e+01
 1.26400000e+03 5.78191858e+01
 1.26450000e+03 6.39998562e+01
 1.26500000e+03 3.09394768e+01
 1.26550000e+03 4.10953160e+01
 1.26600000e+03 5.32002438e+01
 1.26650000e+03 5.41421431e+01
 1.26700000e+03 6.15949786e+01
 1.26750000e+03 5.44698783e+01
 1.26800000e+03 4.51275949e+01
 1.26850000e+03 4.09167865e+01
 1.26900000e+03 5.47784555e+01
 1.26950000e+03 3.26060849e+01
 1.27000000e+03 4.44916379e+01
 1.27050000e+03 4.73856121e+01
 1.27100000e+03 3.57179268e+01
 1.27150000e+03 6.13024867e+01
 1.27200000e+03 5.51341624e+01
 1.27250000e+03 5.56230092e+01
 1.27300000e+03 5.77710187e+01
 1.27350000e+03 4.09522863e+01
 1.27400000e+03 4.43154241e+01
 1.27450000e+03 5.99626473e+01
 1.27500000e+03 4.73727803e+01
 1.27550000e+03 3.46519122e+01
 1.27600000e+03 5.18231080e+01
 1.27650000e+03 4.85413805e+01
 1.27700000e+03 4.68473161e+01
 1.27750000e+03 4.74239767e+01
 1.27800000e+03 4.20215085e+01
 1.27850000e+03 5.01117962e+01
 1.27900000e+03 3.30296753e+01
 1.27950000e+03 5.34582024e+01
 1.28000000e+03 4.21972545e+01
 1.28050000e+03 4.74510757e+01
 1.28100000e+03 2.91486427e+01
 1.28150000e+03 4.75073712e+01
 1.28200000e+03 5.10277578e+01
 1.28250000e+03 4.49311431e+01
 1.28300000e+03 3.13060012e+01
 1.28350000e+03 5.02912098e+01
 1.28400000e+03 5.87293609e+01
 1.28450000e+03 5.88377158e+01
 1.28500000e+03 5.29004187e+01
 1.28550000e+03 5.01345051e+01
 1.28600000e+03 4.61225859e+01
 1.28650000e+03 3.90320746e+01
 1.28700000e+03 5.46947552e+01
 1.28750000e+03 4.85856970e+01
 1.28800000e+03 3.23221234e+01
 1.28850000e+03 5.59563340e+01
 1.28900000e+03 5.33174058e+01
 1.28950000e+03 4.68362364e+01
 1.29000000e+03 4.80658202e+01
 1.29050000e+03 4.08390742e+01
 1.29100000e+03 4.03324460e+01
 1.29150000e+03 6.52399759e+01
 1.29200000e+03 5.46918899e+01
 1.29250000e+03 6.05783542e+01
 1.29300000e+03 5.52629936e+01
 1.29350000e+03 5.50540114e+01
 1.29400000e+03 4.14302001e+01
 1.29450000e+03 4.30925514e+01
 1.29500000e+03 4.99403176e+01
 1.29550000e+03 5.11606199e+01
 1.29600000e+03 5.13787831e+01
 1.29650000e+03 6.51474485e+01
 1.29700000e+03 4.68544554e+01
 1.29750000e+03 5.75359891e+01
 1.29800000e+03 6.88893014e+01
 1.29850000e+03 6.89838337e+01
 1.29900000e+03 4.32259785e+01
 1.29950000e+03 4.15437661e+01
 1.30000000e+03 4.94005794e+01
 1.30050000e+03 3.54641628e+01
 1.30100000e+03 4.08817075e+01
 1.30150000e+03 4.60514871e+01
 1.30200000e+03 5.36093981e+01
 1.30250000e+03 5.18365051e+01
 1.30300000e+03 5.02233805e+01
 1.30350000e+03 3.27225054e+01
 1.30400000e+03 5.19227648e+01
 1.30450000e+03 5.66355051e+01
 1.30500000e+03 4.04155615e+01
 1.30550000e+03 5.45222414e+01
 1.30600000e+03 4.58933167e+01
 1.30650000e+03 5.91965705e+01
 1.30700000e+03 3.69320308e+01
 1.30750000e+03 5.77375057e+01
 1.30800000e+03 6.24992446e+01
 1.30850000e+03 4.39580515e+01
 1.30900000e+03 2.79390895e+01
 1.30950000e+03 5.68994781e+01
 1.31000000e+03 5.79439829e+01
 1.31050000e+03 3.46295004e+01
 1.31100000e+03 5.46496175e+01
 1.31150000e+03 5.04215081e+01
 1.31200000e+03 3.51072414e+01
 1.31250000e+03 4.82916045e+01
 1.31300000e+03 5.58371978e+01
 1.31350000e+03 6.51926120e+01
 1.31400000e+03 4.91999816e+01
 1.31450000e+03 4.36598898e+01
 1.31500000e+03 5.29066205e+01
 1.31550000e+03 3.91576567e+01
 1.31600000e+03 5.23497953e+01
 1.31650000e+03 5.46017587e+01
 1.31700000e+03 7.33547057e+01
 1.31750000e+03 4.04459703e+01
 1.31800000e+03 5.56027727e+01
 1.31850000e+03 5.45890864e+01
 1.31900000e+03 4.76581312e+01
 1.31950000e+03 6.10026811e+01
 1.32000000e+03 5.14177735e+01
 1.32050000e+03 4.25845554e+01
 1.32100000e+03 5.73017542e+01
 1.32150000e+03 4.84161458e+01
 1.32200000e+03 4.28553052e+01
 1.32250000e+03 6.07043134e+01
 1.32300000e+03 4.76744309e+01
 1.32350000e+03 3.43520055e+01
 1.32400000e+03 4.97488198e+01
 1.32450000e+03 5.38001560e+01
 1.32500000e+03 4.95022297e+01
 1.32550000e+03 7.34503053e+01
 1.32600000e+03 4.93465375e+01
 1.32650000e+03 5.82626049e+01
 1.32700000e+03 4.44402407e+01
 1.32750000e+03 5.64899412e+01
 1.32800000e+03 3.72258131e+01
 1.32850000e+03 5.73080934e+01
 1.32900000e+03 6.10901014e+01
 1.32950000e+03 4.61258758e+01
 1.33000000e+03 5.24970078e+01
 1.33050000e+03 5.12356876e+01
 1.33100000e+03 5.53445043e+01
 1.33150000e+03 4.27477083e+01
 1.33200000e+03 4.56892770e+01
 1.33250000e+03 4.51100499e+01
 1.33300000e+03 6.67525825e+01
 1.33350000e+03 4.29761648e+01
 1.33400000e+03 3.75788110e+01
 1.33450000e+03 4.91675464e+01
 1.33500000e+03 4.35903172e+01
 1.33550000e+03 4.82008724e+01
 1.33600000e+03 5.08161903e+01
 1.33650000e+03 5.24789671e+01
 1.33700000e+03 5.37480434e+01
 1.33750000e+03 5.36012890e+01
 1.33800000e+03 5.68285264e+01
 1.33850000e+03 5.58713976e+01
 1.33900000e+03 4.99402691e+01
 1.33950000e+03 4.30632037e+01
 1.34000000e+03 6.79979970e+01
 1.34050000e+03 5.21999034e+01
 1.34100000e+03 5.69853842e+01
 1.34150000e+03 4.74761134e+01
 1.34200000e+03 6.09093122e+01
 1.34250000e+03 3.60642408e+01
 1.34300000e+03 5.43631057e+01
 1.34350000e+03 5.91576714e+01
 1.34400000e+03 5.87849096e+01
 1.34450000e+03 5.12360010e+01
 1.34500000e+03 5.43791381e+01
 1.34550000e+03 4.40716627e+01
 1.34600000e+03 5.13569570e+01
 1.34650000e+03 4.52529305e+01
 1.34700000e+03 6.48856434e+01
 1.34750000e+03 4.19917095e+01
 1.34800000e+03 4.38340983e+01
 1.34850000e+03 7.25815599e+01
 1.34900000e+03 4.36063541e+01
 1.34950000e+03 4.91583303e+01
 1.35000000e+03 5.68991002e+01
 1.35050000e+03 5.08325532e+01
 1.35100000e+03 4.51647092e+01
 1.35150000e+03 4.72676208e+01
 1.35200000e+03 4.82931799e+01
 1.35250000e+03 4.59600425e+01
 1.35300000e+03 4.98965698e+01
 1.35350000e+03 4.92901864e+01
 1.35400000e+03 3.14562715e+01
 1.35450000e+03 2.95118268e+01
 1.35500000e+03 4.27021634e+01
 1.35550000e+03 4.97164115e+01
 1.35600000e+03 4.54027140e+01
 1.35650000e+03 6.39822899e+01
 1.35700000e+03 5.90388849e+01
 1.35750000e+03 4.20001803e+01
 1.35800000e+03 4.16016737e+01
 1.35850000e+03 3.77470502e+01
 1.35900000e+03 5.41689482e+01
 1.35950000e+03 6.07970655e+01
 1.36000000e+03 5.90042447e+01
 1.36050000e+03 4.72745003e+01
 1.36100000e+03 5.68352426e+01
 1.36150000e+03 5.48081626e+01
 1.36200000e+03 4.83561171e+01
 1.36250000e+03 5.11042888e+01
 1.36300000e+03 5.51440859e+01
 1.36350000e+03 4.35221492e+01
 1.36400000e+03 5.15904184e+01
 1.36450000e+03 4.69412658e+01
 1.36500000e+03 5.03416910e+01
 1.36550000e+03 4.61887180e+01
 1.36600000e+03 6.04381687e+01
 1.36650000e+03 7.92035116e+01
 1.36700000e+03 6.89415449e+01
 1.36750000e+03 4.81374788e+01
 1.36800000e+03 5.11677116e+01
 1.36850000e+03 3.57521184e+01
 1.36900000e+03 6.19614898e+01
 1.36950000e+03 6.65544912e+01
 1.37000000e+03 4.74483716e+01
 1.37050000e+03 4.31745142e+01
 1.37100000e+03 4.80153232e+01
 1.37150000e+03 5.80475222e+01
 1.37200000e+03 4.01365401e+01
 1.37250000e+03 5.79575756e+01
 1.37300000e+03 4.93642133e+01
 1.37350000e+03 5.10147222e+01
 1.37400000e+03 6.50422180e+01
 1.37450000e+03 3.37056589e+01
 1.37500000e+03 5.63532572e+01
 1.37550000e+03 5.52494458e+01
 1.37600000e+03 3.79291023e+01
 1.37650000e+03 4.32699046e+01
 1.37700000e+03 4.31666201e+01
 1.37750000e+03 6.03730241e+01
 1.37800000e+03 5.18818950e+01
 1.37850000e+03 3.38784511e+01
 1.37900000e+03 5.17111521e+01
 1.37950000e+03 3.38161005e+01
 1.38000000e+03 5.10535869e+01
 1.38050000e+03 3.41104024e+01
 1.38100000e+03 3.57898525e+01
 1.38150000e+03 5.08556413e+01
 1.38200000e+03 4.87945604e+01
 1.38250000e+03 5.16596547e+01
 1.38300000e+03 3.65700998e+01
 1.38350000e+03 4.80965585e+01
 1.38400000e+03 5.14283446e+01
 1.38450000e+03 5.48492909e+01
 1.38500000e+03 5.16107142e+01
 1.38550000e+03 4.63775328e+01
 1.38600000e+03 4.99427622e+01
 1.38650000e+03 5.34746664e+01
 1.38700000e+03 5.28271444e+01
 1.38750000e+03 5.68163738e+01
 1.38800000e+03 5.13642952e+01
 1.38850000e+03 4.88243088e+01
 1.38900000e+03 4.78177007e+01
 1.38950000e+03 4.33281508e+01
 1.39000000e+03 5.47842930e+01
 1.39050000e+03 5.89681360e+01
 1.39100000e+03 5.37735978e+01
 1.39150000e+03 5.22204815e+01
 1.39200000e+03 4.67406249e+01
 1.39250000e+03 5.29694275e+01
 1.39300000e+03 3.61112196e+01
 1.39350000e+03 4.19327125e+01
 1.39400000e+03 6.11517853e+01
 1.39450000e+03 4.42603531e+01
 1.39500000e+03 4.20137872e+01
 1.39550000e+03 4.49816707e+01
 1.39600000e+03 6.23593830e+01
 1.39650000e+03 5.12016043e+01
 1.39700000e+03 6.14241430e+01
 1.39750000e+03 6.78705289e+01
 1.39800000e+03 6.27001732e+01
 1.39850000e+03 5.12310537e+01
 1.39900000e+03 5.54670640e+01
 1.39950000e+03 5.28893634e+01
 1.40000000e+03 5.23332514e+01
 1.40050000e+03 6.44140214e+01
 1.40100000e+03 4.17999125e+01
 1.40150000e+03 5.28106959e+01
 1.40200000e+03 5.51197137e+01
 1.40250000e+03 5.03346477e+01
 1.40300000e+03 4.83974609e+01
 1.40350000e+03 6.02112573e+01
 1.40400000e+03 4.76137018e+01
 1.40450000e+03 6.19088681e+01
 1.40500000e+03 4.67522186e+01
 1.40550000e+03 4.48246561e+01
 1.40600000e+03 4.66409604e+01
 1.40650000e+03 5.04916674e+01
 1.40700000e+03 5.16424234e+01
 1.40750000e+03 7.12625918e+01
 1.40800000e+03 5.46406225e+01
 1.40850000e+03 4.28816240e+01
 1.40900000e+03 5.64291299e+01
 1.40950000e+03 5.25200511e+01
 1.41000000e+03 5.78495234e+01
 1.41050000e+03 5.71635695e+01
 1.41100000e+03 4.90144921e+01
 1.41150000e+03 4.61100361e+01
 1.41200000e+03 4.38694508e+01
 1.41250000e+03 6.03151984e+01
 1.41300000e+03 4.49971474e+01
 1.41350000e+03 4.86775655e+01
 1.41400000e+03 5.11269335e+01
 1.41450000e+03 4.64197606e+01
 1.41500000e+03 5.78001064e+01
 1.41550000e+03 6.83702340e+01
 1.41600000e+03 5.04207346e+01
 1.41650000e+03 6.21721809e+01
 1.41700000e+03 4.08759037e+01
 1.41750000e+03 4.91044109e+01
 1.41800000e+03 4.86243596e+01
 1.41850000e+03 4.34910221e+01
 1.41900000e+03 5.24785009e+01
 1.41950000e+03 2.70824629e+01
 1.42000000e+03 4.81900629e+01
 1.42050000e+03 3.89929352e+01
 1.42100000e+03 3.45943436e+01
 1.42150000e+03 5.62230526e+01
 1.42200000e+03 4.01775765e+01
 1.42250000e+03 4.38769967e+01
 1.42300000e+03 5.33435667e+01
 1.42350000e+03 5.57630317e+01
 1.42400000e+03 5.74264881e+01
 1.42450000e+03 6.91192467e+01
 1.42500000e+03 6.01674851e+01
 1.42550000e+03 4.19632392e+01
 1.42600000e+03 5.72807471e+01
 1.42650000e+03 4.41465339e+01
 1.42700000e+03 6.71292905e+01
 1.42750000e+03 5.22585693e+01
 1.42800000e+03 4.42149855e+01
 1.42850000e+03 3.37944279e+01
 1.42900000e+03 3.95571612e+01
 1.42950000e+03 2.88358880e+01
 1.43000000e+03 5.05822986e+01
 1.43050000e+03 5.90118955e+01
 1.43100000e+03 4.09293890e+01
 1.43150000e+03 3.09032566e+01
 1.43200000e+03 7.36484505e+01
 1.43250000e+03 5.54710788e+01
 1.43300000e+03 5.64920416e+01
 1.43350000e+03 5.42152663e+01
 1.43400000e+03 5.25317607e+01
 1.43450000e+03 3.61017879e+01
 1.43500000e+03 3.86740699e+01
 1.43550000e+03 5.96791132e+01
 1.43600000e+03 6.85829650e+01
 1.43650000e+03 5.29579165e+01
 1.43700000e+03 4.58552621e+01
 1.43750000e+03 5.44873495e+01
 1.43800000e+03 4.38958630e+01
 1.43850000e+03 7.01142140e+01
 1.43900000e+03 4.48422015e+01
 1.43950000e+03 4.89121080e+01
 1.44000000e+03 3.47857951e+01
 1.44050000e+03 5.47769729e+01
 1.44100000e+03 5.87395857e+01
 1.44150000e+03 5.17006605e+01
 1.44200000e+03 5.06639261e+01
 1.44250000e+03 5.78641493e+01
 1.44300000e+03 4.76180436e+01
 1.44350000e+03 5.23634991e+01
 1.44400000e+03 5.90650340e+01
 1.44450000e+03 5.71405090e+01
 1.44500000e+03 5.82165916e+01
 1.44550000e+03 6.64086616e+01
 1.44600000e+03 4.38889003e+01
 1.44650000e+03 3.72502297e+01
 1.44700000e+03 4.76083241e+01
 1.44750000e+03 5.62238776e+01
 1.44800000e+03 5.37013275e+01
 1.44850000e+03 6.32701419e+01
 1.44900000e+03 6.04541940e+01
 1.44950000e+03 5.57436463e+01
 1.45000000e+03 5.86806445e+01
 1.45050000e+03 4.57660448e+01
 1.45100000e+03 6.13495345e+01
 1.45150000e+03 6.42699720e+01
 1.45200000e+03 4.44839604e+01
 1.45250000e+03 4.76438052e+01
 1.45300000e+03 3.50654278e+01
 1.45350000e+03 4.45755458e+01
 1.45400000e+03 6.12545178e+01
 1.45450000e+03 5.12063001e+01
 1.45500000e+03 5.36407419e+01
 1.45550000e+03 6.99821410e+01
 1.45600000e+03 5.37776359e+01
 1.45650000e+03 4.45579490e+01
 1.45700000e+03 4.35760189e+01
 1.45750000e+03 5.04898299e+01
 1.45800000e+03 5.20014966e+01
 1.45850000e+03 4.49491580e+01
 1.45900000e+03 5.35457490e+01
 1.45950000e+03 4.45912262e+01
 1.46000000e+03 4.42835729e+01
 1.46050000e+03 4.55923811e+01
 1.46100000e+03 5.73475161e+01
 1.46150000e+03 7.02528609e+01
 1.46200000e+03 3.56991178e+01
 1.46250000e+03 4.87965945e+01
 1.46300000e+03 4.85886062e+01
 1.46350000e+03 5.38959867e+01
 1.46400000e+03 5.14743440e+01
 1.46450000e+03 4.42965359e+01
 1.46500000e+03 4.87049420e+01
 1.46550000e+03 7.61802499e+01
 1.46600000e+03 5.73302081e+01
 1.46650000e+03 5.88736656e+01
 1.46700000e+03 5.85575352e+01
 1.46750000e+03 4.46933171e+01
 1.46800000e+03 4.84954530e+01
 1.46850000e+03 6.97546984e+01
 1.46900000e+03 5.24178413e+01
 1.46950000e+03 5.38406992e+01
 1.47000000e+03 5.46942211e+01
 1.47050000e+03 5.10727612e+01
 1.47100000e+03 3.85625661e+01
 1.47150000e+03 5.67289822e+01
 1.47200000e+03 5.56007241e+01
 1.47250000e+03 3.34407683e+01
 1.47300000e+03 6.17665328e+01
 1.47350000e+03 5.85428355e+01
 1.47400000e+03 5.27201643e+01
 1.47450000e+03 5.30647558e+01
 1.47500000e+03 5.88451690e+01
 1.47550000e+03 4.94734642e+01
 1.47600000e+03 5.36021020e+01
 1.47650000e+03 5.32987490e+01
 1.47700000e+03 6.64863980e+01
 1.47750000e+03 5.87684614e+01
 1.47800000e+03 3.99798039e+01
 1.47850000e+03 5.99699424e+01
 1.47900000e+03 4.85611012e+01
 1.47950000e+03 5.92814278e+01
 1.48000000e+03 4.85913978e+01
 1.48050000e+03 5.51678432e+01
 1.48100000e+03 3.62053187e+01
 1.48150000e+03 5.46737397e+01
 1.48200000e+03 6.23795710e+01
 1.48250000e+03 5.11291662e+01
 1.48300000e+03 4.37331206e+01
 1.48350000e+03 6.14979952e+01
 1.48400000e+03 3.78519878e+01
 1.48450000e+03 4.26820113e+01
 1.48500000e+03 6.04481495e+01
 1.48550000e+03 6.10524222e+01
 1.48600000e+03 4.49928268e+01
 1.48650000e+03 4.76179007e+01
 1.48700000e+03 4.28833639e+01
 1.48750000e+03 5.23951762e+01
 1.48800000e+03 5.00962278e+01
 1.48850000e+03 4.40051483e+01
 1.48900000e+03 5.72678143e+01
 1.48950000e+03 4.84168227e+01
 1.49000000e+03 6.71147923e+01
 1.49050000e+03 3.94025584e+01
 1.49100000e+03 3.26730099e+01
 1.49150000e+03 5.51540280e+01
 1.49200000e+03 5.16533668e+01
 1.49250000e+03 3.67784809e+01
 1.49300000e+03 4.33377950e+01
 1.49350000e+03 5.40346543e+01
 1.49400000e+03 4.70475603e+01
 1.49450000e+03 4.35081672e+01
 1.49500000e+03 4.47641462e+01
 1.49550000e+03 4.46063490e+01
 1.49600000e+03 5.62132342e+01
 1.49650000e+03 3.63948313e+01
 1.49700000e+03 5.00189393e+01
 1.49750000e+03 5.69011749e+01
 1.49800000e+03 7.52158738e+01
 1.49850000e+03 4.56181820e+01
 1.49900000e+03 5.30963933e+01
 1.49950000e+03 6.38983158e+01
 1.50000000e+03 4.46552682e+01
 1.50050000e+03 4.81882086e+01
 1.50100000e+03 4.92885445e+01
 1.50150000e+03 5.80239391e+01
 1.50200000e+03 5.10197666e+01
 1.50250000e+03 5.64583623e+01
 1.50300000e+03 5.29481838e+01
 1.50350000e+03 5.22352158e+01
 1.50400000e+03 5.03607972e+01
 1.50450000e+03 5.23169889e+01
 1.50500000e+03 5.46485040e+01
 1.50550000e+03 4.28263621e+01
 1.50600000e+03 4.64710208e+01
 1.50650000e+03 6.42206994e+01
 1.50700000e+03 5.28771427e+01
 1.50750000e+03 5.83622516e+01
 1.50800000e+03 3.94922057e+01
 1.50850000e+03 6.77913772e+01
 1.50900000e+03 5.22388261e+01
 1.50950000e+03 5.09404056e+01
 1.51000000e+03 5.74025626e+01
 1.51050000e+03 4.93357298e+01
 1.51100000e+03 5.12188133e+01
 1.51150000e+03 2.68287464e+01
 1.51200000e+03 5.39850887e+01
 1.51250000e+03 4.61614772e+01
 1.51300000e+03 5.10414659e+01
 1.51350000e+03 3.59558488e+01
 1.51400000e+03 5.63888605e+01
 1.51450000e+03 5.71360020e+01
 1.51500000e+03 6.33887161e+01
 1.51550000e+03 5.23317465e+01
 1.51600000e+03 7.21082698e+01
 1.51650000e+03 5.76145692e+01
 1.51700000e+03 5.43975217e+01
 1.51750000e+03 5.12175361e+01
 1.51800000e+03 3.19187630e+01
 1.51850000e+03 5.10233563e+01
 1.51900000e+03 4.83936274e+01
 1.51950000e+03 4.47853082e+01
 1.52000000e+03 4.84180123e+01
 1.52050000e+03 6.57167069e+01
 1.52100000e+03 5.66628237e+01
 1.52150000e+03 5.30775032e+01
 1.52200000e+03 5.86820625e+01
 1.52250000e+03 4.78269240e+01
 1.52300000e+03 2.59730388e+01
 1.52350000e+03 4.82487695e+01
 1.52400000e+03 5.86152059e+01
 1.52450000e+03 7.00702656e+01
 1.52500000e+03 4.28925855e+01
 1.52550000e+03 7.09346467e+01
 1.52600000e+03 5.84773050e+01
 1.52650000e+03 5.45608468e+01
 1.52700000e+03 5.01135140e+01
 1.52750000e+03 3.73297944e+01
 1.52800000e+03 3.99721349e+01
 1.52850000e+03 6.35948368e+01
 1.52900000e+03 4.47019706e+01
 1.52950000e+03 5.80450311e+01
 1.53000000e+03 5.02542188e+01
 1.53050000e+03 4.84443691e+01
 1.53100000e+03 3.27803107e+01
 1.53150000e+03 5.28456208e+01
 1.53200000e+03 6.22465066e+01
 1.53250000e+03 5.40123253e+01
 1.53300000e+03 6.54290716e+01
 1.53350000e+03 6.19046130e+01
 1.53400000e+03 2.33676954e+01
 1.53450000e+03 4.01492733e+01
 1.53500000e+03 5.65647757e+01
 1.53550000e+03 4.73619925e+01
 1.53600000e+03 5.57673256e+01
 1.53650000e+03 6.55541468e+01
 1.53700000e+03 6.21796507e+01
 1.53750000e+03 4.22370322e+01
 1.53800000e+03 4.30411078e+01
 1.53850000e+03 7.34895133e+01
 1.53900000e+03 5.39222772e+01
 1.53950000e+03 5.08655321e+01
 1.54000000e+03 4.62579029e+01
 1.54050000e+03 5.68449250e+01
 1.54100000e+03 6.31953397e+01
 1.54150000e+03 6.12389864e+01
 1.54200000e+03 7.06259758e+01
 1.54250000e+03 5.90453595e+01
 1.54300000e+03 4.10788897e+01
 1.54350000e+03 4.83431153e+01
 1.54400000e+03 4.31014794e+01
 1.54450000e+03 5.43167994e+01
 1.54500000e+03 4.40442891e+01
 1.54550000e+03 5.64320841e+01
 1.54600000e+03 5.77147685e+01
 1.54650000e+03 5.15639720e+01
 1.54700000e+03 4.40326766e+01
 1.54750000e+03 4.93637673e+01
 1.54800000e+03 4.27120860e+01
 1.54850000e+03 3.83615579e+01
 1.54900000e+03 4.16869422e+01
 1.54950000e+03 4.50022270e+01
 1.55000000e+03 5.98428447e+01
 1.55050000e+03 4.63016631e+01
 1.55100000e+03 4.16000459e+01
 1.55150000e+03 5.18479200e+01
 1.55200000e+03 3.93231302e+01
 1.55250000e+03 4.36554708e+01
 1.55300000e+03 5.95697922e+01
 1.55350000e+03 4.66961018e+01
 1.55400000e+03 6.79909889e+01
 1.55450000e+03 5.33402105e+01
 1.55500000e+03 6.06913262e+01
 1.55550000e+03 4.67758181e+01
 1.55600000e+03 4.52227827e+01
 1.55650000e+03 4.85398636e+01
 1.55700000e+03 4.63947998e+01
 1.55750000e+03 4.80608834e+01
 1.55800000e+03 3.84240485e+01
 1.55850000e+03 6.30639837e+01
 1.55900000e+03 6.14504356e+01
 1.55950000e+03 5.35757718e+01
 1.56000000e+03 5.92668925e+01
 1.56050000e+03 5.94463153e+01
 1.56100000e+03 6.87113431e+01
 1.56150000e+03 5.56585139e+01
 1.56200000e+03 5.49847133e+01
 1.56250000e+03 4.02849302e+01
 1.56300000e+03 4.60324141e+01
 1.56350000e+03 4.43173324e+01
 1.56400000e+03 5.61224432e+01
 1.56450000e+03 6.33109467e+01
 1.56500000e+03 5.47821317e+01
 1.56550000e+03 6.91497518e+01
 1.56600000e+03 3.33365612e+01
 1.56650000e+03 6.16518195e+01
 1.56700000e+03 5.71261295e+01
 1.56750000e+03 5.16860643e+01
 1.56800000e+03 5.22648844e+01
 1.56850000e+03 4.45954350e+01
 1.56900000e+03 5.07817893e+01
 1.56950000e+03 4.16183047e+01
 1.57000000e+03 4.45126407e+01
 1.57050000e+03 4.70763344e+01
 1.57100000e+03 3.98377486e+01
 1.57150000e+03 5.30865965e+01
 1.57200000e+03 3.36587103e+01
 1.57250000e+03 5.66225759e+01
 1.57300000e+03 5.35430955e+01
 1.57350000e+03 6.21044969e+01
 1.57400000e+03 5.34228392e+01
 1.57450000e+03 5.52973771e+01
 1.57500000e+03 5.39621420e+01
 1.57550000e+03 4.02037447e+01
 1.57600000e+03 3.54634548e+01
 1.57650000e+03 3.85306263e+01
 1.57700000e+03 5.04213601e+01
 1.57750000e+03 4.88508818e+01
 1.57800000e+03 7.98990962e+01
 1.57850000e+03 5.63902706e+01
 1.57900000e+03 4.86058638e+01
 1.57950000e+03 7.07643741e+01
 1.58000000e+03 4.71993369e+01
 1.58050000e+03 5.28153766e+01
 1.58100000e+03 4.98725570e+01
 1.58150000e+03 5.76428526e+01
 1.58200000e+03 5.33479829e+01
 1.58250000e+03 5.70411445e+01
 1.58300000e+03 5.69993180e+01
 1.58350000e+03 6.27328790e+01
 1.58400000e+03 6.19820672e+01
 1.58450000e+03 3.85236803e+01
 1.58500000e+03 6.14108832e+01
 1.58550000e+03 5.98257786e+01
 1.58600000e+03 6.11562355e+01
 1.58650000e+03 3.91199958e+01
 1.58700000e+03 5.26452325e+01
 1.58750000e+03 5.24084954e+01
 1.58800000e+03 5.99858009e+01
 1.58850000e+03 4.87864423e+01
 1.58900000e+03 4.49136799e+01
 1.58950000e+03 3.70489039e+01
 1.59000000e+03 5.16063526e+01
 1.59050000e+03 4.25893955e+01
 1.59100000e+03 4.66989519e+01
 1.59150000e+03 4.08587880e+01
 1.59200000e+03 7.21937411e+01
 1.59250000e+03 5.74248239e+01
 1.59300000e+03 4.98449935e+01
 1.59350000e+03 5.99989373e+01
 1.59400000e+03 6.09482457e+01
 1.59450000e+03 3.78101940e+01
 1.59500000e+03 4.28474536e+01
 1.59550000e+03 4.08224601e+01
 1.59600000e+03 5.72312645e+01
 1.59650000e+03 4.68123698e+01
 1.59700000e+03 5.27979983e+01
 1.59750000e+03 4.20778509e+01
 1.59800000e+03 3.57593951e+01
 1.59850000e+03 4.56807857e+01
 1.59900000e+03 4.64778328e+01
 1.59950000e+03 7.21592975e+01
 1.60000000e+03 5.72376202e+01
 1.60050000e+03 5.73715346e+01
 1.60100000e+03 5.69227459e+01
 1.60150000e+03 3.95499412e+01
 1.60200000e+03 5.84773502e+01
 1.60250000e+03 5.52798351e+01
 1.60300000e+03 3.87703700e+01
 1.60350000e+03 4.87547394e+01
 1.60400000e+03 5.49499401e+01
 1.60450000e+03 3.96811448e+01
 1.60500000e+03 4.84345804e+01
 1.60550000e+03 4.37675390e+01
 1.60600000e+03 4.41874394e+01
 1.60650000e+03 5.95640217e+01
 1.60700000e+03 4.21136562e+01
 1.60750000e+03 3.43008732e+01
 1.60800000e+03 4.87194761e+01
 1.60850000e+03 7.19043897e+01
 1.60900000e+03 6.95254567e+01
 1.60950000e+03 7.36322278e+01
 1.61000000e+03 5.99133354e+01
 1.61050000e+03 5.65619206e+01
 1.61100000e+03 5.40596556e+01
 1.61150000e+03 4.35440388e+01
 1.61200000e+03 4.78786971e+01
 1.61250000e+03 5.18389660e+01
 1.61300000e+03 4.39894197e+01
 1.61350000e+03 6.48822045e+01
 1.61400000e+03 5.79572802e+01
 1.61450000e+03 5.13034732e+01
 1.61500000e+03 5.00760771e+01
 1.61550000e+03 4.65530881e+01
 1.61600000e+03 4.41709152e+01
 1.61650000e+03 4.96163566e+01
 1.61700000e+03 4.60670931e+01
 1.61750000e+03 6.93143994e+01
 1.61800000e+03 4.27574270e+01
 1.61850000e+03 6.93651400e+01
 1.61900000e+03 4.53961027e+01
 1.61950000e+03 4.54190810e+01
 1.62000000e+03 4.74966479e+01
 1.62050000e+03 6.45203001e+01
 1.62100000e+03 5.06461625e+01
 1.62150000e+03 3.49410324e+01
 1.62200000e+03 5.34158259e+01
 1.62250000e+03 6.03338573e+01
 1.62300000e+03 4.12998770e+01
 1.62350000e+03 5.42902662e+01
 1.62400000e+03 3.93240864e+01
 1.62450000e+03 6.32042366e+01
 1.62500000e+03 6.16692968e+01
 1.62550000e+03 3.92411403e+01
 1.62600000e+03 3.31247375e+01
 1.62650000e+03 6.13256712e+01
 1.62700000e+03 3.71713949e+01
 1.62750000e+03 4.65943140e+01
 1.62800000e+03 5.17304901e+01
 1.62850000e+03 4.17601123e+01
 1.62900000e+03 5.89391730e+01
 1.62950000e+03 3.52930407e+01
 1.63000000e+03 6.72081446e+01
 1.63050000e+03 5.72421843e+01
 1.63100000e+03 3.43924566e+01
 1.63150000e+03 3.57279299e+01
 1.63200000e+03 3.78745775e+01
 1.63250000e+03 4.85137453e+01
 1.63300000e+03 5.63051636e+01
 1.63350000e+03 5.15764022e+01
 1.63400000e+03 5.06083157e+01
 1.63450000e+03 4.43721684e+01
 1.63500000e+03 5.13663346e+01
 1.63550000e+03 3.42369073e+01
 1.63600000e+03 5.28892202e+01
 1.63650000e+03 6.01832947e+01
 1.63700000e+03 5.42930132e+01
 1.63750000e+03 6.35386777e+01
 1.63800000e+03 5.22889771e+01
 1.63850000e+03 6.60509422e+01
 1.63900000e+03 4.44010197e+01
 1.63950000e+03 4.61467853e+01
 1.64000000e+03 5.23975071e+01
 1.64050000e+03 4.57070156e+01
 1.64100000e+03 3.76418100e+01
 1.64150000e+03 6.10909606e+01
 1.64200000e+03 5.42200701e+01
 1.64250000e+03 5.06267883e+01
 1.64300000e+03 5.18875096e+01
 1.64350000e+03 4.45038641e+01
 1.64400000e+03 3.85772325e+01
 1.64450000e+03 4.48506781e+01
 1.64500000e+03 5.56023174e+01
 1.64550000e+03 4.88359156e+01
 1.64600000e+03 5.84476045e+01
 1.64650000e+03 5.22465020e+01
 1.64700000e+03 5.50020954e+01
 1.64750000e+03 5.28014962e+01
 1.64800000e+03 6.31802401e+01
 1.64850000e+03 3.72665584e+01
 1.64900000e+03 3.62561696e+01
 1.64950000e+03 5.90849906e+01
 1.65000000e+03 4.25177771e+01
 1.65050000e+03 4.64730269e+01
 1.65100000e+03 4.04061640e+01
 1.65150000e+03 5.47531271e+01
 1.65200000e+03 4.43419610e+01
 1.65250000e+03 4.46402375e+01
 1.65300000e+03 5.26716470e+01
 1.65350000e+03 3.55303718e+01
 1.65400000e+03 3.82696931e+01
 1.65450000e+03 4.72079477e+01
 1.65500000e+03 6.63539275e+01
 1.65550000e+03 5.04696324e+01
 1.65600000e+03 4.09429396e+01
 1.65650000e+03 6.73415408e+01
 1.65700000e+03 5.00702918e+01
 1.65750000e+03 4.88934843e+01
 1.65800000e+03 6.48285779e+01
 1.65850000e+03 4.53782062e+01
 1.65900000e+03 4.50394189e+01
 1.65950000e+03 5.68661695e+01
 1.66000000e+03 5.04158670e+01
 1.66050000e+03 4.72227640e+01
 1.66100000e+03 4.76351025e+01
 1.66150000e+03 5.24808493e+01
 1.66200000e+03 3.44391729e+01
 1.66250000e+03 4.89167077e+01
 1.66300000e+03 4.64811662e+01
 1.66350000e+03 5.33148158e+01
 1.66400000e+03 4.67425435e+01
 1.66450000e+03 4.97281323e+01
 1.66500000e+03 5.72780271e+01
 1.66550000e+03 4.97262583e+01
 1.66600000e+03 5.07941148e+01
 1.66650000e+03 4.84789569e+01
 1.66700000e+03 3.97172426e+01
 1.66750000e+03 3.67355203e+01
 1.66800000e+03 5.26517955e+01
 1.66850000e+03 5.58681030e+01
 1.66900000e+03 7.29769795e+01
 1.66950000e+03 4.83552791e+01
 1.67000000e+03 5.33555088e+01
 1.67050000e+03 4.02589073e+01
 1.67100000e+03 4.00181133e+01
 1.67150000e+03 4.85036873e+01
 1.67200000e+03 6.54698180e+01
 1.67250000e+03 3.19641554e+01
 1.67300000e+03 5.55158992e+01
 1.67350000e+03 5.11890776e+01
 1.67400000e+03 6.49950672e+01
 1.67450000e+03 5.26334459e+01
 1.67500000e+03 5.11932368e+01
 1.67550000e+03 6.40283836e+01
 1.67600000e+03 4.95709079e+01
 1.67650000e+03 4.94024817e+01
 1.67700000e+03 3.50217277e+01
 1.67750000e+03 5.88379916e+01
 1.67800000e+03 3.43942664e+01
 1.67850000e+03 3.92294492e+01
 1.67900000e+03 4.31972846e+01
 1.67950000e+03 3.65711879e+01
 1.68000000e+03 5.27969120e+01
 1.68050000e+03 6.20517674e+01
 1.68100000e+03 6.18012906e+01
 1.68150000e+03 3.86984732e+01
 1.68200000e+03 5.71021319e+01
 1.68250000e+03 3.45488645e+01
 1.68300000e+03 5.79326389e+01
 1.68350000e+03 7.11918480e+01
 1.68400000e+03 3.69469875e+01
 1.68450000e+03 7.73983383e+01
 1.68500000e+03 4.95070069e+01
 1.68550000e+03 5.26170063e+01
 1.68600000e+03 7.12833680e+01
 1.68650000e+03 5.80365966e+01
 1.68700000e+03 4.00761648e+01
 1.68750000e+03 2.86317588e+01
 1.68800000e+03 5.89883202e+01
 1.68850000e+03 6.75084757e+01
 1.68900000e+03 5.42018138e+01
 1.68950000e+03 5.30843439e+01
 1.69000000e+03 4.88972533e+01
 1.69050000e+03 3.40233003e+01
 1.69100000e+03 7.01271165e+01
 1.69150000e+03 7.11393596e+01
 1.69200000e+03 6.58306150e+01
 1.69250000e+03 5.35749928e+01
 1.69300000e+03 5.72795551e+01
 1.69350000e+03 6.68933707e+01
 1.69400000e+03 4.75166069e+01
 1.69450000e+03 4.76489098e+01
 1.69500000e+03 5.23606144e+01
 1.69550000e+03 5.63804682e+01
 1.69600000e+03 5.18904004e+01
 1.69650000e+03 5.47380492e+01
 1.69700000e+03 3.59141879e+01
 1.69750000e+03 3.14567432e+01
 1.69800000e+03 5.27652435e+01
 1.69850000e+03 5.73614822e+01
 1.69900000e+03 4.23179005e+01
 1.69950000e+03 6.40379042e+01
 1.70000000e+03 5.34185351e+01
 1.70050000e+03 5.23577103e+01
 1.70100000e+03 3.77246292e+01
 1.70150000e+03 5.40122627e+01
 1.70200000e+03 4.21392868e+01
 1.70250000e+03 4.49300657e+01
 1.70300000e+03 5.48460331e+01
 1.70350000e+03 5.61136744e+01
 1.70400000e+03 5.03519093e+01
 1.70450000e+03 6.16291825e+01
 1.70500000e+03 4.20075746e+01
 1.70550000e+03 3.86048049e+01
 1.70600000e+03 4.55030760e+01
 1.70650000e+03 4.69392637e+01
 1.70700000e+03 4.01154851e+01
 1.70750000e+03 4.73887980e+01
 1.70800000e+03 3.26446841e+01
 1.70850000e+03 3.68564842e+01
 1.70900000e+03 4.92641701e+01
 1.70950000e+03 5.45479932e+01
 1.71000000e+03 3.60408551e+01
 1.71050000e+03 4.45847803e+01
 1.71100000e+03 4.50553884e+01
 1.71150000e+03 4.95012241e+01
 1.71200000e+03 5.04257046e+01
 1.71250000e+03 5.07755424e+01
 1.71300000e+03 4.03085497e+01
 1.71350000e+03 4.18510838e+01
 1.71400000e+03 5.27385990e+01
 1.71450000e+03 5.62716075e+01
 1.71500000e+03 6.23929458e+01
 1.71550000e+03 4.34962980e+01
 1.71600000e+03 4.39470823e+01
 1.71650000e+03 3.63647606e+01
 1.71700000e+03 6.26499574e+01
 1.71750000e+03 5.81384741e+01
 1.71800000e+03 4.97588192e+01
 1.71850000e+03 5.60867292e+01
 1.71900000e+03 4.28153300e+01
 1.71950000e+03 5.21235915e+01
 1.72000000e+03 4.24154724e+01
 1.72050000e+03 5.57238295e+01
 1.72100000e+03 5.18794793e+01
 1.72150000e+03 5.32238534e+01
 1.72200000e+03 5.20429679e+01
 1.72250000e+03 5.23431267e+01
 1.72300000e+03 5.21829629e+01
 1.72350000e+03 7.73798596e+01
 1.72400000e+03 5.22822272e+01
 1.72450000e+03 4.65393567e+01
 1.72500000e+03 5.56665699e+01
 1.72550000e+03 3.64992637e+01
 1.72600000e+03 4.72313143e+01
 1.72650000e+03 5.50826921e+01
 1.72700000e+03 4.71356504e+01
 1.72750000e+03 5.18447130e+01
 1.72800000e+03 5.74753889e+01
 1.72850000e+03 4.59566988e+01
 1.72900000e+03 4.91682732e+01
 1.72950000e+03 6.12308415e+01
 1.73000000e+03 6.16628546e+01
 1.73050000e+03 5.88889744e+01
 1.73100000e+03 4.68609000e+01
 1.73150000e+03 4.49734350e+01
 1.73200000e+03 3.50905447e+01
 1.73250000e+03 3.49934857e+01
 1.73300000e+03 3.65581824e+01
 1.73350000e+03 4.82688763e+01
 1.73400000e+03 3.93932069e+01
 1.73450000e+03 4.55608723e+01
 1.73500000e+03 4.29102258e+01
 1.73550000e+03 6.85268033e+01
 1.73600000e+03 4.56127669e+01
 1.73650000e+03 3.57163168e+01
 1.73700000e+03 4.01906538e+01
 1.73750000e+03 2.66364743e+01
 1.73800000e+03 4.51588329e+01
 1.73850000e+03 4.37134993e+01
 1.73900000e+03 3.32404973e+01
 1.73950000e+03 3.26483265e+01
 1.74000000e+03 4.61310260e+01
 1.74050000e+03 2.96167572e+01
 1.74100000e+03 4.88301292e+01
 1.74150000e+03 4.42730132e+01
 1.74200000e+03 5.07984119e+01
 1.74250000e+03 4.05836197e+01
 1.74300000e+03 4.15610814e+01
 1.74350000e+03 4.89034952e+01
 1.74400000e+03 2.58362512e+01
 1.74450000e+03 3.77896659e+01
 1.74500000e+03 4.92858915e+01
 1.74550000e+03 5.28616889e+01
 1.74600000e+03 5.12021953e+01
 1.74650000e+03 3.13215857e+01
 1.74700000e+03 4.28870525e+01
 1.74750000e+03 4.02022024e+01
 1.74800000e+03 4.64571227e+01
 1.74850000e+03 5.02519602e+01
 1.74900000e+03 5.58309712e+01
 1.74950000e+03 6.71884590e+01
 1.75000000e+03 4.84153647e+01
 1.75050000e+03 5.61016594e+01
 1.75100000e+03 5.27035864e+01
 1.75150000e+03 6.00622445e+01
 1.75200000e+03 3.90756970e+01
 1.75250000e+03 5.79228515e+01
 1.75300000e+03 6.12028592e+01
 1.75350000e+03 4.38342190e+01
 1.75400000e+03 5.90785507e+01
 1.75450000e+03 5.85954024e+01
 1.75500000e+03 5.88287486e+01
 1.75550000e+03 5.55630890e+01
 1.75600000e+03 4.98847661e+01
 1.75650000e+03 5.21598906e+01
 1.75700000e+03 4.66005853e+01
 1.75750000e+03 4.26672430e+01
 1.75800000e+03 5.53806129e+01
 1.75850000e+03 3.28579530e+01
 1.75900000e+03 5.25791628e+01
 1.75950000e+03 5.20942991e+01
 1.76000000e+03 5.13387462e+01
 1.76050000e+03 4.07389291e+01
 1.76100000e+03 3.31748632e+01
 1.76150000e+03 4.46709084e+01
 1.76200000e+03 5.34389982e+01
 1.76250000e+03 4.98355769e+01
 1.76300000e+03 5.60500207e+01
 1.76350000e+03 3.16554107e+01
 1.76400000e+03 8.13671040e+01
 1.76450000e+03 5.74063159e+01
 1.76500000e+03 4.62775448e+01
 1.76550000e+03 3.91952772e+01
 1.76600000e+03 4.92546949e+01
 1.76650000e+03 3.60012452e+01
 1.76700000e+03 5.92791483e+01
 1.76750000e+03 3.72538820e+01
 1.76800000e+03 6.22050877e+01
 1.76850000e+03 4.43493632e+01
 1.76900000e+03 5.70877990e+01
 1.76950000e+03 5.77076493e+01
 1.77000000e+03 6.26266167e+01
 1.77050000e+03 2.72539172e+01
 1.77100000e+03 6.29508179e+01
 1.77150000e+03 5.56197884e+01
 1.77200000e+03 5.57093378e+01
 1.77250000e+03 4.64946002e+01
 1.77300000e+03 3.69485081e+01
 1.77350000e+03 5.46522563e+01
 1.77400000e+03 6.06392710e+01
 1.77450000e+03 4.55612098e+01
 1.77500000e+03 3.35317785e+01
 1.77550000e+03 4.67262027e+01
 1.77600000e+03 7.58463457e+01
 1.77650000e+03 4.39175217e+01
 1.77700000e+03 4.90166056e+01
 1.77750000e+03 5.07517491e+01
 1.77800000e+03 4.34399122e+01
 1.77850000e+03 5.73620864e+01
 1.77900000e+03 5.27419861e+01
 1.77950000e+03 5.64748110e+01
 1.78000000e+03 4.65856906e+01
 1.78050000e+03 3.86530197e+01
 1.78100000e+03 5.24765626e+01
 1.78150000e+03 4.70630200e+01
 1.78200000e+03 3.96913972e+01
 1.78250000e+03 5.82234858e+01
 1.78300000e+03 5.41960467e+01
 1.78350000e+03 5.83951993e+01
 1.78400000e+03 4.15490967e+01
 1.78450000e+03 3.60026754e+01
 1.78500000e+03 6.05076949e+01
 1.78550000e+03 4.50585879e+01
 1.78600000e+03 3.92893329e+01
 1.78650000e+03 5.82456530e+01
 1.78700000e+03 3.89624457e+01
 1.78750000e+03 4.59306619e+01
 1.78800000e+03 4.85249119e+01
 1.78850000e+03 7.42114395e+01
 1.78900000e+03 4.29829916e+01
 1.78950000e+03 3.06233754e+01
 1.79000000e+03 5.07511442e+01
 1.79050000e+03 6.86827742e+01
 1.79100000e+03 5.57868693e+01
 1.79150000e+03 5.93508086e+01
 1.79200000e+03 5.92386388e+01
 1.79250000e+03 3.54294297e+01
 1.79300000e+03 3.88126028e+01
 1.79350000e+03 4.95051768e+01
 1.79400000e+03 4.56239505e+01
 1.79450000e+03 4.53220577e+01
 1.79500000e+03 3.04071897e+01
 1.79550000e+03 4.85040075e+01
 1.79600000e+03 4.67575227e+01
 1.79650000e+03 4.84654822e+01
 1.79700000e+03 6.05963147e+01
 1.79750000e+03 5.31513054e+01
 1.79800000e+03 7.18398819e+01
 1.79850000e+03 5.68509476e+01
 1.79900000e+03 4.70176214e+01
 1.79950000e+03 5.51460582e+01
 1.80000000e+03 4.24991637e+01
 1.80050000e+03 5.94760678e+01
 1.80100000e+03 4.14111866e+01
 1.80150000e+03 5.44455819e+01
 1.80200000e+03 5.20041405e+01
 1.80250000e+03 3.36956538e+01
 1.80300000e+03 3.18273876e+01
 1.80350000e+03 3.65689505e+01
 1.80400000e+03 4.11478359e+01
 1.80450000e+03 4.33303365e+01
 1.80500000e+03 5.48793640e+01
 1.80550000e+03 5.96675149e+01
 1.80600000e+03 5.75777771e+01
 1.80650000e+03 5.31769899e+01
 1.80700000e+03 6.13786505e+01
 1.80750000e+03 3.72303758e+01
 1.80800000e+03 5.25711717e+01
 1.80850000e+03 6.38660611e+01
 1.80900000e+03 5.51684048e+01
 1.80950000e+03 3.82514122e+01
 1.81000000e+03 4.97903526e+01
 1.81050000e+03 5.25016605e+01
 1.81100000e+03 5.87342128e+01
 1.81150000e+03 3.84041349e+01
 1.81200000e+03 4.77935267e+01
 1.81250000e+03 3.30461785e+01
 1.81300000e+03 5.59460150e+01
 1.81350000e+03 6.86727825e+01
 1.81400000e+03 3.55059177e+01
 1.81450000e+03 3.31424305e+01
 1.81500000e+03 5.03822700e+01
 1.81550000e+03 4.62102454e+01
 1.81600000e+03 6.12853162e+01
 1.81650000e+03 4.98542149e+01
 1.81700000e+03 4.59876753e+01
 1.81750000e+03 5.11155228e+01
 1.81800000e+03 7.04998473e+01
 1.81850000e+03 5.27180349e+01
 1.81900000e+03 5.17351164e+01
 1.81950000e+03 6.02112843e+01
 1.82000000e+03 3.80226003e+01
 1.82050000e+03 6.20683322e+01
 1.82100000e+03 5.99900525e+01
 1.82150000e+03 4.89364920e+01
 1.82200000e+03 4.76924711e+01
 1.82250000e+03 4.27758974e+01
 1.82300000e+03 6.33920438e+01
 1.82350000e+03 6.11578603e+01
 1.82400000e+03 3.40341863e+01
 1.82450000e+03 4.86216576e+01
 1.82500000e+03 5.97635716e+01
 1.82550000e+03 6.60041186e+01
 1.82600000e+03 3.65144174e+01
 1.82650000e+03 5.03214180e+01
 1.82700000e+03 5.60680115e+01
 1.82750000e+03 4.89009923e+01
 1.82800000e+03 6.87417423e+01
 1.82850000e+03 3.82687248e+01
 1.82900000e+03 3.78057166e+01
 1.82950000e+03 4.98827099e+01
 1.83000000e+03 4.62817841e+01
 1.83050000e+03 2.83624418e+01
 1.83100000e+03 4.26683399e+01
 1.83150000e+03 5.49842597e+01
 1.83200000e+03 5.37672758e+01
 1.83250000e+03 4.66590117e+01
 1.83300000e+03 4.62693457e+01
 1.83350000e+03 5.48168662e+01
 1.83400000e+03 6.17987261e+01
 1.83450000e+03 4.74414045e+01
 1.83500000e+03 6.51281810e+01
 1.83550000e+03 4.86369408e+01
 1.83600000e+03 6.95929535e+01
 1.83650000e+03 2.87604021e+01
 1.83700000e+03 5.38343809e+01
 1.83750000e+03 5.90690588e+01
 1.83800000e+03 4.47633233e+01
 1.83850000e+03 6.61731710e+01
 1.83900000e+03 4.30199535e+01
 1.83950000e+03 5.65031772e+01
 1.84000000e+03 6.95851621e+01
 1.84050000e+03 6.11494519e+01
 1.84100000e+03 5.83987294e+01
 1.84150000e+03 5.40653582e+01
 1.84200000e+03 5.13083978e+01
 1.84250000e+03 4.69836229e+01
 1.84300000e+03 4.65208718e+01
 1.84350000e+03 5.34837856e+01
 1.84400000e+03 4.26374753e+01
 1.84450000e+03 4.64766420e+01
 1.84500000e+03 7.29027675e+01
 1.84550000e+03 3.44870156e+01
 1.84600000e+03 7.25073247e+01
 1.84650000e+03 4.97147025e+01
 1.84700000e+03 6.41210522e+01
 1.84750000e+03 4.94149261e+01
 1.84800000e+03 4.76834493e+01
 1.84850000e+03 4.91801280e+01
 1.84900000e+03 4.91784140e+01
 1.84950000e+03 5.82296604e+01
 1.85000000e+03 6.08414770e+01
 1.85050000e+03 4.66397803e+01
 1.85100000e+03 3.47723848e+01
 1.85150000e+03 5.14670542e+01
 1.85200000e+03 5.32646704e+01
 1.85250000e+03 5.12114984e+01
 1.85300000e+03 2.99526748e+01
 1.85350000e+03 3.94925093e+01
 1.85400000e+03 4.83746358e+01
 1.85450000e+03 5.91507645e+01
 1.85500000e+03 3.81700381e+01
 1.85550000e+03 5.15534251e+01
 1.85600000e+03 5.71043704e+01
 1.85650000e+03 6.04305940e+01
 1.85700000e+03 4.09309682e+01
 1.85750000e+03 2.77600286e+01
 1.85800000e+03 4.80325793e+01
 1.85850000e+03 5.32172258e+01
 1.85900000e+03 5.47927058e+01
 1.85950000e+03 3.37497080e+01
 1.86000000e+03 6.42012803e+01
 1.86050000e+03 5.06884001e+01
 1.86100000e+03 4.76504953e+01
 1.86150000e+03 4.93221432e+01
 1.86200000e+03 4.97511116e+01
 1.86250000e+03 6.34532254e+01
 1.86300000e+03 5.49153494e+01
 1.86350000e+03 5.24112661e+01
 1.86400000e+03 5.59844241e+01
 1.86450000e+03 4.15358713e+01
 1.86500000e+03 4.45934678e+01
 1.86550000e+03 6.86405928e+01
 1.86600000e+03 5.21387381e+01
 1.86650000e+03 5.09349513e+01
 1.86700000e+03 6.07932748e+01
 1.86750000e+03 3.23705401e+01
 1.86800000e+03 4.21345557e+01
 1.86850000e+03 4.72573645e+01
 1.86900000e+03 5.20807604e+01
 1.86950000e+03 5.12922534e+01
 1.87000000e+03 4.46048640e+01
 1.87050000e+03 5.29096556e+01
 1.87100000e+03 3.86060276e+01
 1.87150000e+03 4.02888741e+01
 1.87200000e+03 4.65314687e+01
 1.87250000e+03 2.48793966e+01
 1.87300000e+03 6.46007887e+01
 1.87350000e+03 3.36895675e+01
 1.87400000e+03 3.99474360e+01
 1.87450000e+03 5.21864211e+01
 1.87500000e+03 7.67009965e+01
 1.87550000e+03 3.23890533e+01
 1.87600000e+03 6.41651235e+01
 1.87650000e+03 5.06951396e+01
 1.87700000e+03 4.91272956e+01
 1.87750000e+03 4.71262787e+01
 1.87800000e+03 6.18051239e+01
 1.87850000e+03 4.85591009e+01
 1.87900000e+03 4.64521607e+01
 1.87950000e+03 4.12874549e+01
 1.88000000e+03 3.87134771e+01
 1.88050000e+03 4.73367461e+01
 1.88100000e+03 4.64371075e+01
 1.88150000e+03 4.54994580e+01
 1.88200000e+03 3.36594688e+01
 1.88250000e+03 4.48864850e+01
 1.88300000e+03 5.35606497e+01
 1.88350000e+03 5.38258929e+01
 1.88400000e+03 5.67980293e+01
 1.88450000e+03 5.92556212e+01
 1.88500000e+03 6.46330505e+01
 1.88550000e+03 5.69772574e+01
 1.88600000e+03 5.53244490e+01
 1.88650000e+03 2.72343932e+01
 1.88700000e+03 6.76525862e+01
 1.88750000e+03 5.47347088e+01
 1.88800000e+03 4.77803892e+01
 1.88850000e+03 5.42464527e+01
 1.88900000e+03 4.47476424e+01
 1.88950000e+03 3.98285662e+01
 1.89000000e+03 8.02073543e+01
 1.89050000e+03 5.48933999e+01
 1.89100000e+03 6.21917365e+01
 1.89150000e+03 4.47791299e+01
 1.89200000e+03 3.74812603e+01
 1.89250000e+03 3.60094132e+01
 1.89300000e+03 5.78735471e+01
 1.89350000e+03 5.37363960e+01
 1.89400000e+03 5.58334647e+01
 1.89450000e+03 5.65496056e+01
 1.89500000e+03 3.15644514e+01
 1.89550000e+03 6.22049072e+01
 1.89600000e+03 5.67905959e+01
 1.89650000e+03 5.30205233e+01
 1.89700000e+03 5.83644497e+01
 1.89750000e+03 5.71756056e+01
 1.89800000e+03 6.70210571e+01
 1.89850000e+03 5.16818634e+01
 1.89900000e+03 5.59487703e+01
 1.89950000e+03 6.93107400e+01
 1.90000000e+03 5.20873474e+01
 1.90050000e+03 4.80985003e+01
 1.90100000e+03 5.77834472e+01
 1.90150000e+03 7.23260375e+01
 1.90200000e+03 3.44140963e+01
 1.90250000e+03 4.81079060e+01
 1.90300000e+03 4.83213448e+01
 1.90350000e+03 5.45509314e+01
 1.90400000e+03 5.01833218e+01
 1.90450000e+03 4.66214349e+01
 1.90500000e+03 3.80335988e+01
 1.90550000e+03 5.10173950e+01
 1.90600000e+03 2.81133749e+01
 1.90650000e+03 4.75655912e+01
 1.90700000e+03 6.74485808e+01
 1.90750000e+03 3.78160914e+01
 1.90800000e+03 4.13931603e+01
 1.90850000e+03 5.46402713e+01
 1.90900000e+03 6.15849928e+01
 1.90950000e+03 5.16623896e+01
 1.91000000e+03 7.03366359e+01
 1.91050000e+03 5.83457913e+01
 1.91100000e+03 4.82418751e+01
 1.91150000e+03 3.57092395e+01
 1.91200000e+03 5.81017126e+01
 1.91250000e+03 4.01278030e+01
 1.91300000e+03 5.08672057e+01
 1.91350000e+03 4.65370976e+01
 1.91400000e+03 4.36558126e+01
 1.91450000e+03 5.10497369e+01
 1.91500000e+03 4.74643064e+01
 1.91550000e+03 6.14039891e+01
 1.91600000e+03 4.24554702e+01
 1.91650000e+03 4.01669540e+01
 1.91700000e+03 4.68668338e+01
 1.91750000e+03 3.76113035e+01
 1.91800000e+03 5.26964662e+01
 1.91850000e+03 6.10065864e+01
 1.91900000e+03 4.38145787e+01
 1.91950000e+03 4.27956984e+01
 1.92000000e+03 6.56346029e+01
 1.92050000e+03 5.31242010e+01
 1.92100000e+03 3.90061404e+01
 1.92150000e+03 6.21570554e+01
 1.92200000e+03 6.11939869e+01
 1.92250000e+03 5.38202691e+01
 1.92300000e+03 4.35424519e+01
 1.92350000e+03 3.45253724e+01
 1.92400000e+03 6.23531612e+01
 1.92450000e+03 3.92246182e+01
 1.92500000e+03 4.34805287e+01
 1.92550000e+03 4.68103799e+01
 1.92600000e+03 3.86923862e+01
 1.92650000e+03 3.12981391e+01
 1.92700000e+03 4.43342876e+01
 1.92750000e+03 5.17042483e+01
 1.92800000e+03 3.00409716e+01
 1.92850000e+03 4.29003290e+01
 1.92900000e+03 4.99271641e+01
 1.92950000e+03 5.18866530e+01
 1.93000000e+03 3.89587640e+01
 1.93050000e+03 4.93995709e+01
 1.93100000e+03 5.20830292e+01
 1.93150000e+03 5.30366392e+01
 1.93200000e+03 5.41700400e+01
 1.93250000e+03 5.46669705e+01
 1.93300000e+03 4.72453375e+01
 1.93350000e+03 3.96218171e+01
 1.93400000e+03 7.71715685e+01
 1.93450000e+03 3.58900877e+01
 1.93500000e+03 4.19330098e+01
 1.93550000e+03 4.22793062e+01
 1.93600000e+03 5.09117378e+01
 1.93650000e+03 7.07136332e+01
 1.93700000e+03 4.67023077e+01
 1.93750000e+03 5.48250732e+01
 1.93800000e+03 4.18071031e+01
 1.93850000e+03 3.52918358e+01
 1.93900000e+03 3.50050084e+01
 1.93950000e+03 4.09971959e+01
 1.94000000e+03 8.38402039e+01
 1.94050000e+03 4.80455436e+01
 1.94100000e+03 4.31829501e+01
 1.94150000e+03 6.00824495e+01
 1.94200000e+03 4.19904650e+01
 1.94250000e+03 4.30729872e+01
 1.94300000e+03 6.83780963e+01
 1.94350000e+03 5.63545833e+01
 1.94400000e+03 4.61276879e+01
 1.94450000e+03 6.10461812e+01
 1.94500000e+03 4.66465525e+01
 1.94550000e+03 4.49388856e+01
 1.94600000e+03 4.29474641e+01
 1.94650000e+03 5.18685738e+01
 1.94700000e+03 5.32409095e+01
 1.94750000e+03 6.22086877e+01
 1.94800000e+03 5.99616588e+01
 1.94850000e+03 3.71068277e+01
 1.94900000e+03 5.64082556e+01
 1.94950000e+03 4.92843622e+01
 1.95000000e+03 4.86969192e+01
 1.95050000e+03 5.61762408e+01
 1.95100000e+03 5.03681770e+01
 1.95150000e+03 6.13127118e+01
 1.95200000e+03 5.50730241e+01
 1.95250000e+03 5.80475834e+01
 1.95300000e+03 5.14227550e+01
 1.95350000e+03 4.72740530e+01
 1.95400000e+03 5.00019280e+01
 1.95450000e+03 3.74619738e+01
 1.95500000e+03 4.58061394e+01
 1.95550000e+03 5.47110033e+01
 1.95600000e+03 5.38166940e+01
 1.95650000e+03 3.76578381e+01
 1.95700000e+03 5.73767209e+01
 1.95750000e+03 6.88953579e+01
 1.95800000e+03 5.08676303e+01
 1.95850000e+03 7.10787690e+01
 1.95900000e+03 5.27920888e+01
 1.95950000e+03 2.83641275e+01
 1.96000000e+03 2.58489885e+01
 1.96050000e+03 5.29908519e+01
 1.96100000e+03 5.56993125e+01
 1.96150000e+03 4.77172466e+01
 1.96200000e+03 5.72220894e+01
 1.96250000e+03 6.70350139e+01
 1.96300000e+03 5.38892061e+01
 1.96350000e+03 7.05357799e+01
 1.96400000e+03 4.08487507e+01
 1.96450000e+03 4.40167736e+01
 1.96500000e+03 5.08491068e+01
 1.96550000e+03 5.76206691e+01
 1.96600000e+03 3.83072889e+01
 1.96650000e+03 4.88696641e+01
 1.96700000e+03 5.15857984e+01
 1.96750000e+03 3.88259534e+01
 1.96800000e+03 4.36513056e+01
 1.96850000e+03 4.55605642e+01
 1.96900000e+03 4.39023559e+01
 1.96950000e+03 3.61996505e+01
 1.97000000e+03 4.92209971e+01
 1.97050000e+03 4.12126672e+01
 1.97100000e+03 5.41357448e+01
 1.97150000e+03 4.22082143e+01
 1.97200000e+03 4.91115834e+01
 1.97250000e+03 5.38108489e+01
 1.97300000e+03 3.77476235e+01
 1.97350000e+03 5.82787073e+01
 1.97400000e+03 4.35078587e+01
 1.97450000e+03 3.57721137e+01
 1.97500000e+03 5.61948457e+01
 1.97550000e+03 4.37550089e+01
 1.97600000e+03 5.46519201e+01
 1.97650000e+03 4.65437219e+01
 1.97700000e+03 6.51253976e+01
 1.97750000e+03 5.58144602e+01
 1.97800000e+03 4.10491665e+01
 1.97850000e+03 4.33165577e+01
 1.97900000e+03 4.65753227e+01
 1.97950000e+03 3.61339361e+01
 1.98000000e+03 4.04078578e+01
 1.98050000e+03 4.64341321e+01
 1.98100000e+03 3.58437870e+01
 1.98150000e+03 5.23426169e+01
 1.98200000e+03 4.54802506e+01
 1.98250000e+03 5.08265817e+01
 1.98300000e+03 5.09893185e+01
 1.98350000e+03 4.11788176e+01
 1.98400000e+03 4.80907840e+01
 1.98450000e+03 5.99012605e+01
 1.98500000e+03 4.95981042e+01
 1.98550000e+03 4.57323114e+01
 1.98600000e+03 4.05735225e+01
 1.98650000e+03 4.56284285e+01
 1.98700000e+03 6.73828541e+01
 1.98750000e+03 4.71149582e+01
 1.98800000e+03 3.71235294e+01
 1.98850000e+03 4.86384077e+01
 1.98900000e+03 5.95993275e+01
 1.98950000e+03 4.55414986e+01
 1.99000000e+03 3.55911732e+01
 1.99050000e+03 3.23346306e+01
 1.99100000e+03 3.93516895e+01
 1.99150000e+03 3.23574081e+01
 1.99200000e+03 5.95279002e+01
 1.99250000e+03 4.97755400e+01
 1.99300000e+03 5.28528093e+01
 1.99350000e+03 5.87205799e+01
 1.99400000e+03 4.30901485e+01
 1.99450000e+03 6.43792820e+01
 1.99500000e+03 6.44246300e+01
 1.99550000e+03 5.03341101e+01
 1.99600000e+03 5.61634807e+01
 1.99650000e+03 5.51085724e+01
 1.99700000e+03 3.96114367e+01
 1.99750000e+03 4.08959883e+01
 1.99800000e+03 4.48833970e+01
 1.99850000e+03 6.44318099e+01
 1.99900000e+03 7.10174198e+01
 1.99950000e+03 3.85894286e+01
